SprungID,Sprungtyp,Acc_N_Fil,Gyro_x_R,Gyro_y_R,Gyro_z_R,Gyro_x_Fil,Gyro_y_Fil,Gyro_z_Fil
generated_Mean_Salto C,Salto C,84.816,4.953,166.439,-0.582,5.476,164.718,-1.428
generated_Mean_Salto C,Salto C,26.301,1.759,151.94,0.435,2.232,142.799,0.458
generated_Mean_Salto C,Salto C,7.793,4.693,-11.26,-0.876,3.614,-5.154,-0.267
generated_Mean_Salto C,Salto C,10.239,-6.186,-43.691,1.976,-5.079,-30.792,0.454
generated_Mean_Salto C,Salto C,10.465,-5.3,175.145,-13.971,-5.371,180.057,-12.13
generated_Mean_Salto C,Salto C,14.477,-0.116,458.441,-6.451,0.112,445.067,-6.86
generated_Mean_Salto C,Salto C,19.165,8.619,489.646,-2.277,8.223,486.153,-2.443
generated_Mean_Salto C,Salto C,18.083,10.858,436.674,1.339,11.06,432.807,0.828
generated_Mean_Salto C,Salto C,11.929,16.093,320.921,-3.011,15.837,321.94,-3.329
generated_Mean_Salto C,Salto C,7.18,14.894,228.428,-10.146,14.49,230.48,-9.123
generated_Mean_Salto C,Salto C,4.57,8.226,173.875,-5.333,8.465,175.115,-5.485
generated_Mean_Salto C,Salto C,3.987,6.073,143.374,-2.884,6.222,144.26,-3.087
generated_Mean_Salto C,Salto C,3.995,6.319,128.081,-2.65,6.265,128.289,-2.757
generated_Mean_Salto C,Salto C,3.962,5.616,116.624,-3.745,5.631,116.794,-3.75
generated_Mean_Salto C,Salto C,3.902,4.352,106.994,-4.872,4.263,107.124,-4.807
generated_Mean_Salto C,Salto C,3.987,1.785,97.898,-5.699,1.699,98.021,-5.659
generated_Mean_Salto C,Salto C,4.573,-2.495,91.387,-4.562,-2.429,91.958,-4.049
generated_Mean_Salto C,Salto C,5.43,-3.843,100.343,6.168,-3.255,103.331,5.032
generated_Mean_Salto C,Salto C,10.91,6.553,175.985,-2.614,6.659,175.101,-2.463
generated_Mean_Salto C,Salto C,62.524,17.353,201.387,-9.846,15.322,191.334,-8.484
generated_Mean_Strecksprung,Strecksprung,80.895,0.019,93.884,-5.231,0.263,95.279,-5.762
generated_Mean_Strecksprung,Strecksprung,30.323,-1.642,76.747,-0.142,-1.58,75.095,0.037
generated_Mean_Strecksprung,Strecksprung,3.983,-1.6,36.668,6.383,-1.644,38.564,6.0
generated_Mean_Strecksprung,Strecksprung,2.033,-1.155,19.758,5.804,-1.069,19.665,5.598
generated_Mean_Strecksprung,Strecksprung,1.441,0.449,3.248,3.932,0.31,3.317,3.996
generated_Mean_Strecksprung,Strecksprung,1.197,0.264,-10.288,3.097,0.382,-10.307,3.022
generated_Mean_Strecksprung,Strecksprung,1.048,1.141,-24.368,1.19,1.131,-24.039,1.388
generated_Mean_Strecksprung,Strecksprung,0.989,1.943,-33.465,1.914,1.771,-33.303,1.782
generated_Mean_Strecksprung,Strecksprung,0.974,0.093,-38.302,0.034,0.12,-37.966,0.051
generated_Mean_Strecksprung,Strecksprung,0.997,-1.18,-37.969,-0.623,-1.106,-37.939,-0.412
generated_Mean_Strecksprung,Strecksprung,0.973,-1.398,-36.731,1.81,-1.45,-36.729,1.725
generated_Mean_Strecksprung,Strecksprung,0.982,-2.094,-34.959,3.157,-1.993,-34.866,3.043
generated_Mean_Strecksprung,Strecksprung,0.993,-1.598,-31.758,2.24,-1.638,-31.788,2.228
generated_Mean_Strecksprung,Strecksprung,0.997,-1.747,-29.582,0.847,-1.736,-29.586,0.941
generated_Mean_Strecksprung,Strecksprung,0.969,-1.698,-27.517,1.046,-1.658,-27.47,0.961
generated_Mean_Strecksprung,Strecksprung,1.052,-1.092,-24.8,1.129,-1.158,-24.773,1.249
generated_Mean_Strecksprung,Strecksprung,1.338,-1.452,-21.539,3.045,-1.393,-21.123,3.151
generated_Mean_Strecksprung,Strecksprung,2.921,-0.727,-11.379,5.004,-0.653,-9.165,4.051
generated_Mean_Strecksprung,Strecksprung,17.128,0.914,52.799,-7.294,0.605,51.912,-5.844
generated_Mean_Strecksprung,Strecksprung,66.931,0.551,100.337,-4.79,0.795,97.386,-5.43
generated_Mean_Salto B,Salto B,84.203,9.09,148.905,-10.235,10.981,152.378,-11.393
generated_Mean_Salto B,Salto B,30.349,2.444,157.842,-5.238,3.205,148.778,-5.983
generated_Mean_Salto B,Salto B,6.055,5.599,21.929,-8.879,4.606,20.169,-8.078
generated_Mean_Salto B,Salto B,10.223,-3.796,-120.966,-1.186,-3.208,-111.409,-2.081
generated_Mean_Salto B,Salto B,10.429,-7.137,-99.011,-0.562,-6.473,-87.824,-1.064
generated_Mean_Salto B,Salto B,9.538,-0.717,128.205,-7.78,-1.039,131.535,-7.775
generated_Mean_Salto B,Salto B,14.703,3.556,398.492,-13.634,4.008,389.863,-12.922
generated_Mean_Salto B,Salto B,21.947,15.517,510.619,-6.557,15.519,504.803,-7.154
generated_Mean_Salto B,Salto B,23.924,26.159,510.72,-9.83,25.687,506.094,-9.606
generated_Mean_Salto B,Salto B,19.428,27.964,422.879,-15.066,27.066,420.501,-15.521
generated_Mean_Salto B,Salto B,11.906,17.03,294.872,-24.394,17.22,295.934,-23.712
generated_Mean_Salto B,Salto B,6.134,7.414,192.788,-18.007,7.8,194.966,-17.48
generated_Mean_Salto B,Salto B,4.518,4.729,137.232,-6.857,4.848,139.124,-7.578
generated_Mean_Salto B,Salto B,4.44,4.504,113.32,-6.415,4.485,114.171,-6.537
generated_Mean_Salto B,Salto B,4.699,3.876,104.036,-7.99,3.879,104.605,-7.812
generated_Mean_Salto B,Salto B,4.893,2.979,104.443,-7.457,2.905,104.671,-7.276
generated_Mean_Salto B,Salto B,5.211,0.689,109.915,-3.47,0.772,111.129,-3.189
generated_Mean_Salto B,Salto B,5.024,0.322,134.888,4.223,0.689,137.377,2.234
generated_Mean_Salto B,Salto B,12.99,8.066,212.016,-18.603,7.878,205.677,-16.607
generated_Mean_Salto B,Salto B,68.256,16.045,159.607,-16.931,14.144,155.498,-14.854
generated_Mean_Salto A,Salto A,81.407,8.515,141.653,-6.467,9.39,140.312,-10.77
generated_Mean_Salto A,Salto A,27.689,4.447,157.27,-7.719,5.135,156.533,-8.374
generated_Mean_Salto A,Salto A,6.383,10.303,129.037,-9.31,9.19,127.765,-9.111
generated_Mean_Salto A,Salto A,4.566,1.924,91.523,-15.426,2.056,93.084,-15.311
generated_Mean_Salto A,Salto A,7.533,-5.022,95.143,-13.456,-4.435,97.29,-13.05
generated_Mean_Salto A,Salto A,8.031,-1.909,136.715,-9.569,-1.69,135.836,-9.83
generated_Mean_Salto A,Salto A,8.047,3.377,161.601,-9.977,3.286,160.415,-9.975
generated_Mean_Salto A,Salto A,7.639,7.185,165.934,-10.926,7.042,165.467,-10.878
generated_Mean_Salto A,Salto A,7.211,8.411,162.953,-12.275,8.291,163.061,-12.19
generated_Mean_Salto A,Salto A,6.879,7.011,160.207,-12.505,6.949,159.696,-12.374
generated_Mean_Salto A,Salto A,6.749,5.175,150.608,-10.236,5.227,150.452,-10.309
generated_Mean_Salto A,Salto A,6.734,3.983,138.325,-9.337,3.867,138.315,-9.443
generated_Mean_Salto A,Salto A,6.801,1.521,125.152,-9.945,1.601,125.343,-9.986
generated_Mean_Salto A,Salto A,6.96,-0.278,114.875,-10.551,-0.273,115.105,-10.417
generated_Mean_Salto A,Salto A,7.169,-1.179,109.474,-9.34,-1.141,110.151,-9.431
generated_Mean_Salto A,Salto A,7.389,-1.231,113.702,-10.126,-1.338,113.789,-9.99
generated_Mean_Salto A,Salto A,7.589,-3.406,119.491,-9.28,-3.184,120.161,-8.984
generated_Mean_Salto A,Salto A,6.56,-2.382,137.244,-4.097,-2.447,139.112,-5.556
generated_Mean_Salto A,Salto A,13.097,0.928,189.779,-20.932,1.627,183.362,-19.964
generated_Mean_Salto A,Salto A,68.421,13.606,124.147,-30.924,11.534,127.146,-23.531
generated_Mean_Barani A,Barani A,85.322,0.58,-53.051,19.204,1.753,-60.364,19.391
generated_Mean_Barani A,Barani A,33.389,-19.646,-229.04,64.601,-19.152,-219.591,60.969
generated_Mean_Barani A,Barani A,8.185,-31.791,-244.114,69.4,-31.31,-233.59,72.427
generated_Mean_Barani A,Barani A,7.667,-30.961,-112.479,89.492,-31.748,-120.129,87.347
generated_Mean_Barani A,Barani A,7.701,-40.247,-91.737,92.01,-40.846,-94.478,92.593
generated_Mean_Barani A,Barani A,7.512,-62.381,-112.32,107.721,-63.047,-112.432,107.822
generated_Mean_Barani A,Barani A,8.735,-95.477,-133.486,127.268,-95.16,-130.628,128.872
generated_Mean_Barani A,Barani A,10.131,-123.494,-110.073,171.141,-122.635,-108.814,171.332
generated_Mean_Barani A,Barani A,10.229,-137.032,-62.812,215.742,-135.784,-61.914,214.354
generated_Mean_Barani A,Barani A,10.236,-131.22,-1.788,240.016,-130.635,-1.871,237.937
generated_Mean_Barani A,Barani A,9.942,-113.925,55.241,233.211,-113.119,54.085,231.111
generated_Mean_Barani A,Barani A,9.21,-85.303,94.143,196.425,-85.227,92.912,196.224
generated_Mean_Barani A,Barani A,8.668,-54.787,116.31,151.222,-55.473,116.002,150.855
generated_Mean_Barani A,Barani A,8.45,-34.236,132.864,100.205,-34.615,132.946,100.872
generated_Mean_Barani A,Barani A,8.418,-19.747,148.789,59.55,-20.105,149.338,60.718
generated_Mean_Barani A,Barani A,8.602,-11.595,170.601,35.016,-12.031,170.649,35.377
generated_Mean_Barani A,Barani A,8.63,-9.67,196.772,19.802,-8.894,197.941,20.376
generated_Mean_Barani A,Barani A,7.304,2.179,239.745,11.043,1.275,241.17,9.623
generated_Mean_Barani A,Barani A,13.771,4.027,304.89,-17.845,4.413,294.326,-16.164
generated_Mean_Barani A,Barani A,66.509,12.176,211.976,-20.248,11.288,217.915,-16.243
generated_Mean_Doppelsalto C,Doppelsalto C,75.041,23.391,251.766,-13.258,24.628,252.904,-15.876
generated_Mean_Doppelsalto C,Doppelsalto C,28.322,16.961,259.956,-17.919,16.367,248.072,-18.719
generated_Mean_Doppelsalto C,Doppelsalto C,9.559,3.448,74.634,-37.089,4.088,85.508,-32.912
generated_Mean_Doppelsalto C,Doppelsalto C,16.608,-0.712,49.567,-7.812,0.04,56.278,-10.621
generated_Mean_Doppelsalto C,Doppelsalto C,24.056,2.534,191.593,0.856,1.456,205.694,-1.216
generated_Mean_Doppelsalto C,Doppelsalto C,34.931,-6.199,545.808,-24.084,-5.423,534.634,-20.507
generated_Mean_Doppelsalto C,Doppelsalto C,45.66,-2.632,728.265,-11.626,-2.773,718.222,-13.017
generated_Mean_Doppelsalto C,Doppelsalto C,49.497,2.11,742.866,-7.013,2.681,744.111,-7.124
generated_Mean_Doppelsalto C,Doppelsalto C,52.627,12.54,776.355,-7.185,12.368,776.207,-7.523
generated_Mean_Doppelsalto C,Doppelsalto C,53.32,22.175,806.958,-11.097,22.871,804.825,-10.426
generated_Mean_Doppelsalto C,Doppelsalto C,50.228,42.282,797.294,-3.552,42.022,790.954,-4.585
generated_Mean_Doppelsalto C,Doppelsalto C,40.147,60.695,691.439,-12.942,59.671,687.614,-12.403
generated_Mean_Doppelsalto C,Doppelsalto C,26.633,62.288,532.067,-21.583,61.054,531.531,-21.555
generated_Mean_Doppelsalto C,Doppelsalto C,16.208,44.935,362.879,-25.398,45.023,365.851,-24.973
generated_Mean_Doppelsalto C,Doppelsalto C,10.935,27.845,235.163,-26.6,28.114,239.649,-26.43
generated_Mean_Doppelsalto C,Doppelsalto C,9.964,14.073,178.469,-25.209,14.329,181.973,-25.437
generated_Mean_Doppelsalto C,Doppelsalto C,10.176,5.29,178.225,-20.786,6.401,181.437,-20.462
generated_Mean_Doppelsalto C,Doppelsalto C,10.352,10.549,228.082,-13.905,9.801,228.267,-14.546
generated_Mean_Doppelsalto C,Doppelsalto C,11.068,6.348,282.946,-19.475,6.765,278.642,-19.605
generated_Mean_Doppelsalto C,Doppelsalto C,59.748,10.596,225.81,-19.938,9.929,215.994,-15.216
generated_Mean_3/4 Salto rw A,3/4 Salto rw A,84.681,4.012,73.946,6.673,4.78,76.666,7.541
generated_Mean_3/4 Salto rw A,3/4 Salto rw A,31.982,5.5,109.416,9.649,5.538,107.428,10.394
generated_Mean_3/4 Salto rw A,3/4 Salto rw A,4.318,7.016,99.368,10.852,6.696,99.249,9.98
generated_Mean_3/4 Salto rw A,3/4 Salto rw A,2.572,2.644,80.418,-0.111,2.61,79.866,-0.402
generated_Mean_3/4 Salto rw A,3/4 Salto rw A,3.378,-1.636,56.766,-5.693,-1.373,57.323,-5.445
generated_Mean_3/4 Salto rw A,3/4 Salto rw A,3.822,0.184,56.592,-10.904,0.265,58.769,-10.478
generated_Mean_3/4 Salto rw A,3/4 Salto rw A,4.009,3.671,90.385,-6.818,3.745,89.895,-6.96
generated_Mean_3/4 Salto rw A,3/4 Salto rw A,4.361,7.026,118.17,-3.013,6.875,117.872,-3.653
generated_Mean_3/4 Salto rw A,3/4 Salto rw A,4.126,7.843,138.714,-6.78,8.069,137.929,-6.03
generated_Mean_3/4 Salto rw A,3/4 Salto rw A,3.919,10.831,147.887,-3.672,10.519,147.046,-4.048
generated_Mean_3/4 Salto rw A,3/4 Salto rw A,3.984,8.285,145.615,-4.894,7.984,145.29,-5.159
generated_Mean_3/4 Salto rw A,3/4 Salto rw A,4.021,3.202,136.953,-10.077,3.553,137.44,-9.674
generated_Mean_3/4 Salto rw A,3/4 Salto rw A,4.041,2.589,131.558,-11.627,2.549,131.968,-11.235
generated_Mean_3/4 Salto rw A,3/4 Salto rw A,4.444,1.381,132.167,-7.492,1.465,131.863,-8.128
generated_Mean_3/4 Salto rw A,3/4 Salto rw A,4.938,0.508,132.644,-10.165,0.331,132.3,-10.295
generated_Mean_3/4 Salto rw A,3/4 Salto rw A,5.166,-2.503,132.984,-11.319,-2.606,134.347,-9.885
generated_Mean_3/4 Salto rw A,3/4 Salto rw A,5.119,-2.182,147.772,12.979,-1.132,146.404,11.139
generated_Mean_3/4 Salto rw A,3/4 Salto rw A,4.241,14.681,146.538,4.921,14.263,148.865,3.463
generated_Mean_3/4 Salto rw A,3/4 Salto rw A,13.399,22.147,180.737,-52.012,21.014,170.899,-46.509
generated_Mean_3/4 Salto rw A,3/4 Salto rw A,71.052,10.398,61.667,-38.145,10.462,59.492,-38.625
generated_Mean_Cody C,Cody C,102.699,1.051,-96.296,4.587,-0.682,-81.069,4.388
generated_Mean_Cody C,Cody C,32.532,-32.908,-52.169,60.751,-28.919,-68.006,53.289
generated_Mean_Cody C,Cody C,17.623,-20.164,-115.036,19.029,-21.279,-102.657,22.512
generated_Mean_Cody C,Cody C,13.576,-8.216,8.546,-1.476,-7.733,27.556,1.014
generated_Mean_Cody C,Cody C,20.834,2.106,314.835,-1.118,0.368,301.803,-2.934
generated_Mean_Cody C,Cody C,30.392,-0.638,450.512,-1.552,0.4,442.984,-1.446
generated_Mean_Cody C,Cody C,30.966,5.162,448.111,-4.035,4.484,447.588,-3.322
generated_Mean_Cody C,Cody C,28.403,8.236,394.23,-20.201,6.408,388.957,-19.626
generated_Mean_Cody C,Cody C,17.51,-6.83,264.243,-26.537,-5.132,265.286,-26.761
generated_Mean_Cody C,Cody C,12.287,-14.583,178.282,-19.026,-14.305,182.081,-17.904
generated_Mean_Cody C,Cody C,8.238,-20.821,158.471,-5.889,-19.999,156.69,-7.248
generated_Mean_Cody C,Cody C,6.35,-13.801,132.723,-7.303,-13.599,135.06,-7.082
generated_Mean_Cody C,Cody C,6.005,-3.136,122.062,-1.431,-4.006,122.535,-1.909
generated_Mean_Cody C,Cody C,5.952,-5.077,112.954,0.102,-4.836,112.877,0.282
generated_Mean_Cody C,Cody C,6.363,-4.528,103.149,1.88,-4.681,103.453,1.157
generated_Mean_Cody C,Cody C,7.507,-6.881,100.092,-3.445,-6.827,100.606,-2.436
generated_Mean_Cody C,Cody C,7.919,-8.603,106.366,5.585,-8.76,107.831,5.287
generated_Mean_Cody C,Cody C,5.572,-10.494,130.899,7.62,-10.25,132.877,4.872
generated_Mean_Cody C,Cody C,11.089,-10.565,214.355,-24.037,-8.605,208.717,-21.221
generated_Mean_Cody C,Cody C,59.087,19.173,173.323,-16.13,14.752,175.521,-13.458
generated_Mean_Schraubensalto,Schraubensalto,83.179,0.173,206.28,21.017,2.829,210.077,21.867
generated_Mean_Schraubensalto,Schraubensalto,25.563,0.511,254.422,38.362,1.818,248.03,37.158
generated_Mean_Schraubensalto,Schraubensalto,7.511,32.392,191.185,46.212,31.333,191.906,48.572
generated_Mean_Schraubensalto,Schraubensalto,3.556,47.284,132.49,69.487,48.822,134.402,70.109
generated_Mean_Schraubensalto,Schraubensalto,3.845,72.017,107.832,93.46,71.977,106.73,92.084
generated_Mean_Schraubensalto,Schraubensalto,4.016,102.927,78.698,101.658,102.037,77.314,101.067
generated_Mean_Schraubensalto,Schraubensalto,4.55,116.077,21.009,104.552,115.019,19.552,105.401
generated_Mean_Schraubensalto,Schraubensalto,5.929,109.93,-62.761,121.456,109.985,-62.326,121.975
generated_Mean_Schraubensalto,Schraubensalto,8.19,98.114,-140.678,146.766,96.929,-138.926,146.415
generated_Mean_Schraubensalto,Schraubensalto,10.427,62.387,-185.08,163.328,62.14,-182.06,163.25
generated_Mean_Schraubensalto,Schraubensalto,11.662,21.988,-175.522,181.691,22.753,-172.936,182.655
generated_Mean_Schraubensalto,Schraubensalto,12.074,-0.38,-114.712,213.502,-0.294,-112.621,212.234
generated_Mean_Schraubensalto,Schraubensalto,11.524,-18.942,-11.882,218.927,-19.025,-12.568,216.173
generated_Mean_Schraubensalto,Schraubensalto,9.999,-36.588,77.919,178.023,-35.78,77.071,177.57
generated_Mean_Schraubensalto,Schraubensalto,8.625,-37.377,147.541,125.985,-36.957,145.357,126.285
generated_Mean_Schraubensalto,Schraubensalto,8.033,-30.314,175.301,79.213,-30.457,174.068,80.293
generated_Mean_Schraubensalto,Schraubensalto,7.819,-26.857,178.144,53.138,-26.574,178.643,53.838
generated_Mean_Schraubensalto,Schraubensalto,7.423,-19.85,195.605,40.918,-19.431,197.495,41.683
generated_Mean_Schraubensalto,Schraubensalto,8.595,1.463,251.739,32.547,1.71,251.164,26.558
generated_Mean_Schraubensalto,Schraubensalto,61.607,23.262,244.398,-2.774,21.271,235.599,2.06
generated_Mean_Rudi,Rudi,83.859,14.447,-59.452,29.092,13.251,-69.241,31.24
generated_Mean_Rudi,Rudi,29.898,-14.341,-289.403,73.752,-13.972,-279.42,78.124
generated_Mean_Rudi,Rudi,10.926,-45.613,-348.36,150.279,-43.233,-336.767,152.695
generated_Mean_Rudi,Rudi,12.393,-36.998,-233.87,293.102,-35.838,-236.93,294.282
generated_Mean_Rudi,Rudi,14.403,-10.389,-158.346,473.455,-8.171,-158.993,470.934
generated_Mean_Rudi,Rudi,16.457,52.272,-92.024,591.215,53.279,-87.878,585.69
generated_Mean_Rudi,Rudi,17.184,135.119,3.676,633.918,135.702,-4.518,633.51
generated_Mean_Rudi,Rudi,18.532,225.857,-1.766,655.132,222.219,-4.74,651.412
generated_Mean_Rudi,Rudi,16.87,270.484,-57.862,624.616,267.212,-59.697,625.447
generated_Mean_Rudi,Rudi,17.274,254.494,-136.583,609.139,250.95,-130.008,610.128
generated_Mean_Rudi,Rudi,17.227,181.447,-121.206,605.906,180.765,-114.188,603.403
generated_Mean_Rudi,Rudi,15.663,92.802,-2.608,563.227,94.938,-3.721,556.792
generated_Mean_Rudi,Rudi,13.304,32.84,116.37,422.942,34.6,111.704,422.399
generated_Mean_Rudi,Rudi,10.422,9.479,171.284,267.529,11.234,170.242,270.282
generated_Mean_Rudi,Rudi,9.599,10.85,201.954,151.964,9.699,202.538,155.099
generated_Mean_Rudi,Rudi,9.265,-1.075,237.176,89.242,0.018,237.329,91.766
generated_Mean_Rudi,Rudi,8.936,-1.325,269.881,71.071,0.089,269.335,73.004
generated_Mean_Rudi,Rudi,7.975,22.472,300.709,71.225,22.622,302.628,65.902
generated_Mean_Rudi,Rudi,15.941,54.781,341.644,9.124,53.049,329.473,12.029
generated_Mean_Rudi,Rudi,68.527,47.952,197.59,-26.417,44.389,209.288,-24.203
generated_Mean_Fliffis- Rudi C,Fliffis- Rudi C,87.643,9.939,-167.005,80.016,5.33,-185.636,67.997
generated_Mean_Fliffis- Rudi C,Fliffis- Rudi C,37.744,-109.231,-527.981,144.456,-92.133,-514.947,120.882
generated_Mean_Fliffis- Rudi C,Fliffis- Rudi C,29.754,-52.41,-676.503,2.67,-59.133,-661.478,17.543
generated_Mean_Fliffis- Rudi C,Fliffis- Rudi C,41.087,-29.449,-659.532,17.559,-29.403,-657.674,28.096
generated_Mean_Fliffis- Rudi C,Fliffis- Rudi C,52.028,-10.031,-614.674,83.467,-11.48,-622.582,67.315
generated_Mean_Fliffis- Rudi C,Fliffis- Rudi C,55.278,-20.837,-648.304,28.586,-24.401,-647.158,42.043
generated_Mean_Fliffis- Rudi C,Fliffis- Rudi C,57.403,-65.927,-667.239,114.161,-66.789,-661.853,113.695
generated_Mean_Fliffis- Rudi C,Fliffis- Rudi C,51.118,-129.386,-595.297,186.586,-127.031,-588.572,186.09
generated_Mean_Fliffis- Rudi C,Fliffis- Rudi C,40.073,-154.86,-412.211,283.885,-147.459,-406.374,299.508
generated_Mean_Fliffis- Rudi C,Fliffis- Rudi C,33.965,-85.171,-155.314,587.765,-75.045,-169.499,586.212
generated_Mean_Fliffis- Rudi C,Fliffis- Rudi C,34.592,142.492,-74.54,841.951,140.836,-61.423,827.036
generated_Mean_Fliffis- Rudi C,Fliffis- Rudi C,36.03,360.299,62.192,894.249,354.318,29.423,886.106
generated_Mean_Fliffis- Rudi C,Fliffis- Rudi C,40.128,433.228,-160.998,852.532,413.931,-152.484,856.674
generated_Mean_Fliffis- Rudi C,Fliffis- Rudi C,40.06,257.926,-243.272,858.941,257.151,-213.813,853.414
generated_Mean_Fliffis- Rudi C,Fliffis- Rudi C,35.472,74.856,59.912,773.453,81.564,48.728,758.804
generated_Mean_Fliffis- Rudi C,Fliffis- Rudi C,23.684,2.773,225.739,493.626,11.713,218.683,499.094
generated_Mean_Fliffis- Rudi C,Fliffis- Rudi C,19.06,46.701,265.247,289.495,47.514,269.936,294.708
generated_Mean_Fliffis- Rudi C,Fliffis- Rudi C,17.092,104.744,359.979,156.977,104.639,358.9,155.898
generated_Mean_Fliffis- Rudi C,Fliffis- Rudi C,15.943,163.644,435.292,4.28,156.9,429.514,1.352
generated_Mean_Fliffis- Rudi C,Fliffis- Rudi C,64.107,117.509,364.629,-163.55,111.514,345.665,-126.095
generated_Mean_Barani C,Barani C,87.115,11.403,0.917,15.267,11.219,-4.87,15.211
generated_Mean_Barani C,Barani C,34.666,6.422,-186.655,43.071,5.792,-183.112,42.339
generated_Mean_Barani C,Barani C,11.956,-13.148,-338.273,47.345,-11.828,-331.745,46.8
generated_Mean_Barani C,Barani C,14.289,-12.54,-399.432,42.748,-13.382,-400.24,43.741
generated_Mean_Barani C,Barani C,15.515,-20.493,-427.383,72.527,-20.819,-421.922,72.827
generated_Mean_Barani C,Barani C,13.698,-34.376,-347.933,103.603,-33.2,-343.69,105.472
generated_Mean_Barani C,Barani C,12.067,-26.652,-178.869,163.777,-26.006,-181.213,162.225
generated_Mean_Barani C,Barani C,11.045,-10.644,-56.246,206.619,-12.767,-60.908,205.628
generated_Mean_Barani C,Barani C,9.51,-25.092,-22.595,231.94,-25.416,-23.673,231.175
generated_Mean_Barani C,Barani C,8.038,-46.757,-15.211,239.872,-46.248,-14.463,239.019
generated_Mean_Barani C,Barani C,7.456,-65.892,16.94,228.216,-65.088,17.454,227.977
generated_Mean_Barani C,Barani C,6.928,-72.291,60.537,214.066,-71.709,60.266,212.917
generated_Mean_Barani C,Barani C,6.255,-62.786,94.092,178.579,-62.419,93.437,178.474
generated_Mean_Barani C,Barani C,5.641,-45.397,112.285,140.918,-45.368,111.745,141.422
generated_Mean_Barani C,Barani C,5.38,-27.754,120.549,111.853,-28.164,120.535,111.874
generated_Mean_Barani C,Barani C,5.497,-16.465,125.906,82.809,-16.624,126.135,83.336
generated_Mean_Barani C,Barani C,6.199,-9.561,137.494,63.565,-9.529,138.595,64.124
generated_Mean_Barani C,Barani C,5.999,-0.138,167.948,52.172,0.006,169.389,49.355
generated_Mean_Barani C,Barani C,14.287,5.33,231.791,0.371,4.144,225.498,4.87
generated_Mean_Barani C,Barani C,71.06,-4.785,168.782,-1.057,-4.369,172.398,-1.817
generated_Mean_Grätschwinkel,Grätschwinkel,78.449,1.197,109.161,-4.772,3.132,102.993,-3.865
generated_Mean_Grätschwinkel,Grätschwinkel,29.652,0.543,80.931,7.108,0.575,73.597,7.107
generated_Mean_Grätschwinkel,Grätschwinkel,4.938,-0.247,-28.288,13.205,-0.206,-22.69,12.968
generated_Mean_Grätschwinkel,Grätschwinkel,3.695,-1.244,-67.191,8.194,-1.375,-67.735,7.037
generated_Mean_Grätschwinkel,Grätschwinkel,4.546,-5.477,-128.558,-0.815,-5.367,-127.876,0.18
generated_Mean_Grätschwinkel,Grätschwinkel,5.199,-5.994,-183.949,6.353,-6.018,-182.731,6.555
generated_Mean_Grätschwinkel,Grätschwinkel,7.163,-6.036,-209.642,14.621,-5.718,-205.788,13.411
generated_Mean_Grätschwinkel,Grätschwinkel,9.376,-2.27,-173.327,7.391,-2.87,-170.56,7.7
generated_Mean_Grätschwinkel,Grätschwinkel,9.064,-6.659,-83.782,0.173,-5.652,-82.325,0.265
generated_Mean_Grätschwinkel,Grätschwinkel,8.193,-0.037,22.187,-2.05,-1.067,20.007,-1.621
generated_Mean_Grätschwinkel,Grätschwinkel,7.963,-3.286,91.689,-2.141,-2.941,89.505,-2.344
generated_Mean_Grätschwinkel,Grätschwinkel,6.691,-3.525,122.67,-6.737,-3.696,120.46,-6.373
generated_Mean_Grätschwinkel,Grätschwinkel,4.877,-4.177,117.325,-4.249,-3.959,115.583,-4.191
generated_Mean_Grätschwinkel,Grätschwinkel,3.65,-2.945,85.559,0.033,-3.183,86.085,-0.072
generated_Mean_Grätschwinkel,Grätschwinkel,2.807,-4.733,59.651,1.62,-4.454,60.297,1.059
generated_Mean_Grätschwinkel,Grätschwinkel,2.299,-1.565,42.916,-1.419,-1.668,43.586,-0.305
generated_Mean_Grätschwinkel,Grätschwinkel,2.623,-0.192,39.255,10.598,-0.775,39.238,9.988
generated_Mean_Grätschwinkel,Grätschwinkel,3.4,-6.403,36.656,14.989,-5.038,38.522,12.68
generated_Mean_Grätschwinkel,Grätschwinkel,17.015,2.761,56.645,-5.769,1.599,54.724,-2.861
generated_Mean_Grätschwinkel,Grätschwinkel,65.986,6.288,35.846,3.712,5.58,42.471,3.8
generated_Mean_Fliffis C,Fliffis C,92.59,0.821,-71.625,18.609,1.407,-75.865,19.078
generated_Mean_Fliffis C,Fliffis C,41.725,-45.292,-391.103,50.417,-41.177,-378.527,42.801
generated_Mean_Fliffis C,Fliffis C,25.774,-33.908,-562.899,-4.551,-34.843,-559.152,1.788
generated_Mean_Fliffis C,Fliffis C,34.208,-18.748,-639.345,8.69,-18.907,-638.382,7.39
generated_Mean_Fliffis C,Fliffis C,46.061,-16.623,-660.637,16.559,-17.285,-659.71,17.213
generated_Mean_Fliffis C,Fliffis C,55.428,-21.529,-671.544,24.37,-21.009,-673.354,24.115
generated_Mean_Fliffis C,Fliffis C,55.128,-22.223,-708.188,28.919,-22.452,-703.055,29.18
generated_Mean_Fliffis C,Fliffis C,51.467,-24.341,-645.872,44.939,-24.756,-642.565,45.629
generated_Mean_Fliffis C,Fliffis C,43.797,-31.587,-525.314,68.97,-32.826,-522.224,69.777
generated_Mean_Fliffis C,Fliffis C,33.211,-58.799,-367.97,106.244,-57.69,-366.725,108.731
generated_Mean_Fliffis C,Fliffis C,25.506,-62.858,-201.002,179.583,-61.539,-203.335,178.887
generated_Mean_Fliffis C,Fliffis C,21.43,-53.96,-73.495,238.379,-54.052,-77.466,233.747
generated_Mean_Fliffis C,Fliffis C,18.61,-52.379,8.081,236.409,-52.701,8.484,236.096
generated_Mean_Fliffis C,Fliffis C,16.261,-47.883,91.309,223.227,-47.329,90.962,221.091
generated_Mean_Fliffis C,Fliffis C,14.268,-35.106,155.053,174.76,-35.087,153.361,173.856
generated_Mean_Fliffis C,Fliffis C,13.416,-19.471,186.104,109.049,-20.112,185.448,109.566
generated_Mean_Fliffis C,Fliffis C,13.557,-13.607,210.985,52.707,-13.118,212.835,55.905
generated_Mean_Fliffis C,Fliffis C,12.223,-0.358,268.421,38.519,0.431,268.609,35.748
generated_Mean_Fliffis C,Fliffis C,14.226,21.884,335.248,-7.212,20.406,328.334,-9.974
generated_Mean_Fliffis C,Fliffis C,58.67,17.475,267.87,-54.225,14.873,263.159,-44.8
generated_Mean_1/2 ein 1/2 aus C,1/2 ein 1/2 aus C,88.306,-2.748,254.009,12.082,-0.328,259.337,7.393
generated_Mean_1/2 ein 1/2 aus C,1/2 ein 1/2 aus C,22.047,-36.818,326.212,-1.343,-32.354,313.593,2.097
generated_Mean_1/2 ein 1/2 aus C,1/2 ein 1/2 aus C,11.737,-1.075,199.296,3.59,-5.517,200.623,4.762
generated_Mean_1/2 ein 1/2 aus C,1/2 ein 1/2 aus C,12.616,-17.08,103.298,-10.468,-17.862,98.2,-11.94
generated_Mean_1/2 ein 1/2 aus C,1/2 ein 1/2 aus C,22.224,-65.071,-118.961,-8.383,-60.315,-122.209,-5.949
generated_Mean_1/2 ein 1/2 aus C,1/2 ein 1/2 aus C,36.202,-30.023,-388.54,59.33,-30.926,-382.029,54.078
generated_Mean_1/2 ein 1/2 aus C,1/2 ein 1/2 aus C,44.015,4.746,-527.979,31.109,3.157,-525.482,29.558
generated_Mean_1/2 ein 1/2 aus C,1/2 ein 1/2 aus C,45.935,0.184,-609.867,-29.437,0.211,-605.543,-25.087
generated_Mean_1/2 ein 1/2 aus C,1/2 ein 1/2 aus C,45.659,-6.161,-602.999,-29.62,-6.756,-599.573,-33.236
generated_Mean_1/2 ein 1/2 aus C,1/2 ein 1/2 aus C,43.528,-18.734,-517.951,-85.164,-18.211,-514.677,-85.591
generated_Mean_1/2 ein 1/2 aus C,1/2 ein 1/2 aus C,40.12,-32.826,-368.482,-143.559,-34.392,-363.479,-138.818
generated_Mean_1/2 ein 1/2 aus C,1/2 ein 1/2 aus C,26.627,-55.816,-142.487,-94.72,-48.114,-146.803,-91.106
generated_Mean_1/2 ein 1/2 aus C,1/2 ein 1/2 aus C,20.377,37.21,16.721,26.469,32.537,12.458,20.44
generated_Mean_1/2 ein 1/2 aus C,1/2 ein 1/2 aus C,16.545,45.109,88.992,51.879,41.746,88.735,52.835
generated_Mean_1/2 ein 1/2 aus C,1/2 ein 1/2 aus C,14.732,-5.729,146.051,73.566,-4.301,145.435,72.567
generated_Mean_1/2 ein 1/2 aus C,1/2 ein 1/2 aus C,13.616,-24.624,184.544,63.501,-23.742,183.401,63.695
generated_Mean_1/2 ein 1/2 aus C,1/2 ein 1/2 aus C,14.119,-29.698,206.542,45.615,-29.586,206.838,46.684
generated_Mean_1/2 ein 1/2 aus C,1/2 ein 1/2 aus C,13.03,-23.505,240.453,38.171,-22.843,242.734,37.219
generated_Mean_1/2 ein 1/2 aus C,1/2 ein 1/2 aus C,13.928,13.656,312.244,19.337,13.227,303.053,15.451
generated_Mean_1/2 ein 1/2 aus C,1/2 ein 1/2 aus C,65.557,39.638,227.392,-22.732,36.76,219.464,-15.081
generated_Mean_Doppelsalto B,Doppelsalto B,79.361,12.924,275.94,-20.621,16.136,275.34,-21.439
generated_Mean_Doppelsalto B,Doppelsalto B,20.075,8.832,283.838,-12.852,9.231,273.898,-18.57
generated_Mean_Doppelsalto B,Doppelsalto B,6.47,8.729,103.973,-40.996,7.687,102.626,-34.319
generated_Mean_Doppelsalto B,Doppelsalto B,16.534,-1.489,-67.432,-2.47,-1.176,-53.208,-6.557
generated_Mean_Doppelsalto B,Doppelsalto B,16.743,-9.211,19.645,-21.741,-10.153,33.863,-19.091
generated_Mean_Doppelsalto B,Doppelsalto B,18.233,-30.352,381.096,-8.604,-28.453,374.731,-8.862
generated_Mean_Doppelsalto B,Doppelsalto B,31.781,-26.902,632.373,-2.727,-27.475,620.339,-1.561
generated_Mean_Doppelsalto B,Doppelsalto B,36.731,-27.688,665.593,6.008,-27.549,665.802,4.955
generated_Mean_Doppelsalto B,Doppelsalto B,36.778,-24.148,691.805,4.852,-23.601,694.76,4.659
generated_Mean_Doppelsalto B,Doppelsalto B,40.943,-11.983,769.461,6.874,-11.285,767.35,6.7
generated_Mean_Doppelsalto B,Doppelsalto B,46.994,11.387,804.2,7.893,11.902,797.903,8.806
generated_Mean_Doppelsalto B,Doppelsalto B,44.329,44.695,725.147,13.562,43.894,723.449,11.493
generated_Mean_Doppelsalto B,Doppelsalto B,29.19,62.745,586.046,-12.155,60.782,580.999,-11.357
generated_Mean_Doppelsalto B,Doppelsalto B,14.799,46.916,376.025,-24.334,47.064,379.672,-23.473
generated_Mean_Doppelsalto B,Doppelsalto B,10.295,31.966,233.041,-19.095,32.101,237.145,-19.233
generated_Mean_Doppelsalto B,Doppelsalto B,10.752,19.645,165.808,-19.664,19.69,168.549,-19.824
generated_Mean_Doppelsalto B,Doppelsalto B,11.762,8.892,156.82,-20.522,9.263,160.522,-20.063
generated_Mean_Doppelsalto B,Doppelsalto B,11.785,4.863,213.034,-13.73,5.173,214.269,-13.762
generated_Mean_Doppelsalto B,Doppelsalto B,11.963,7.846,292.906,-10.205,8.944,288.495,-11.826
generated_Mean_Doppelsalto B,Doppelsalto B,63.569,24.64,238.07,-10.129,22.079,229.827,-5.452
generated_Mean_1 3/4 Salto vw B,1 3/4 Salto vw B,89.291,14.81,-113.547,17.435,17.581,-114.121,23.549
generated_Mean_1 3/4 Salto vw B,1 3/4 Salto vw B,38.764,-33.002,-414.75,209.002,-36.094,-401.213,182.346
generated_Mean_1 3/4 Salto vw B,1 3/4 Salto vw B,30.471,-99.295,-570.928,86.556,-95.97,-571.858,101.303
generated_Mean_1 3/4 Salto vw B,1 3/4 Salto vw B,32.673,-94.679,-670.967,91.631,-93.885,-665.205,93.438
generated_Mean_1 3/4 Salto vw B,1 3/4 Salto vw B,28.189,-79.577,-666.709,90.635,-79.139,-661.222,91.173
generated_Mean_1 3/4 Salto vw B,1 3/4 Salto vw B,27.545,-63.401,-591.292,86.598,-64.204,-594.862,85.022
generated_Mean_1 3/4 Salto vw B,1 3/4 Salto vw B,28.219,-60.7,-555.994,75.603,-59.468,-553.405,75.276
generated_Mean_1 3/4 Salto vw B,1 3/4 Salto vw B,22.252,-45.03,-482.834,53.311,-43.733,-477.229,51.816
generated_Mean_1 3/4 Salto vw B,1 3/4 Salto vw B,12.596,-12.876,-304.045,25.575,-15.052,-300.535,28.487
generated_Mean_1 3/4 Salto vw B,1 3/4 Salto vw B,10.469,-9.524,-64.507,46.696,-8.482,-70.925,45.072
generated_Mean_1 3/4 Salto vw B,1 3/4 Salto vw B,11.714,5.042,58.479,37.201,4.503,49.9,35.386
generated_Mean_1 3/4 Salto vw B,1 3/4 Salto vw B,8.876,1.805,25.117,8.05,-1.277,16.822,10.219
generated_Mean_1 3/4 Salto vw B,1 3/4 Salto vw B,4.29,-38.56,-145.858,-0.58,-36.372,-149.041,2.951
generated_Mean_1 3/4 Salto vw B,1 3/4 Salto vw B,9.688,-45.09,-362.509,35.454,-44.107,-355.917,33.867
generated_Mean_1 3/4 Salto vw B,1 3/4 Salto vw B,16.693,-37.331,-475.806,61.298,-38.348,-472.72,61.874
generated_Mean_1 3/4 Salto vw B,1 3/4 Salto vw B,22.307,-46.294,-522.651,85.634,-45.188,-520.277,84.281
generated_Mean_1 3/4 Salto vw B,1 3/4 Salto vw B,21.758,-42.811,-527.955,87.526,-43.953,-525.127,87.393
generated_Mean_1 3/4 Salto vw B,1 3/4 Salto vw B,22.448,-48.044,-499.82,72.08,-46.874,-483.702,67.543
generated_Mean_1 3/4 Salto vw B,1 3/4 Salto vw B,28.627,-33.146,-308.949,-6.467,-33.361,-307.619,0.71
generated_Mean_1 3/4 Salto vw B,1 3/4 Salto vw B,74.054,-10.44,3.274,30.644,-10.39,-29.608,24.934
generated_Mean_Fliffis aus C,Fliffis aus C,90.899,12.617,-172.747,-15.791,12.812,-179.416,-11.605
generated_Mean_Fliffis aus C,Fliffis aus C,37.299,37.65,-442.001,12.203,37.758,-438.294,5.329
generated_Mean_Fliffis aus C,Fliffis aus C,30.473,60.787,-660.836,-28.456,59.625,-649.445,-24.037
generated_Mean_Fliffis aus C,Fliffis aus C,34.592,66.912,-678.009,-7.456,64.52,-676.357,-7.82
generated_Mean_Fliffis aus C,Fliffis aus C,47.476,42.734,-670.333,-12.828,44.036,-670.456,-14.034
generated_Mean_Fliffis aus C,Fliffis aus C,53.261,40.884,-673.239,-40.167,42.623,-677.239,-37.917
generated_Mean_Fliffis aus C,Fliffis aus C,55.141,55.425,-726.282,-37.736,55.469,-725.325,-36.13
generated_Mean_Fliffis aus C,Fliffis aus C,55.272,65.16,-762.393,3.214,61.16,-753.963,3.945
generated_Mean_Fliffis aus C,Fliffis aus C,45.597,23.185,-642.538,47.634,23.937,-632.825,46.53
generated_Mean_Fliffis aus C,Fliffis aus C,32.586,-14.968,-384.613,70.373,-15.56,-388.212,81.865
generated_Mean_Fliffis aus C,Fliffis aus C,24.029,-36.875,-205.416,220.731,-28.479,-208.937,215.658
generated_Mean_Fliffis aus C,Fliffis aus C,23.714,54.361,-54.093,316.413,48.226,-52.464,308.67
generated_Mean_Fliffis aus C,Fliffis aus C,18.318,63.361,109.777,315.42,63.111,102.608,310.64
generated_Mean_Fliffis aus C,Fliffis aus C,14.694,47.756,151.499,245.668,47.803,149.831,239.697
generated_Mean_Fliffis aus C,Fliffis aus C,13.333,33.826,174.826,99.453,32.945,182.994,103.594
generated_Mean_Fliffis aus C,Fliffis aus C,13.075,1.998,314.056,9.792,2.0,297.329,19.284
generated_Mean_Fliffis aus C,Fliffis aus C,14.594,-20.725,297.823,37.988,-16.13,305.57,35.327
generated_Mean_Fliffis aus C,Fliffis aus C,13.947,21.776,346.978,44.009,20.179,351.864,35.71
generated_Mean_Fliffis aus C,Fliffis aus C,18.579,30.519,452.507,-38.383,27.074,428.867,-33.197
generated_Mean_Fliffis aus C,Fliffis aus C,74.055,-15.174,235.991,-54.432,-12.871,268.205,-50.177
generated_Mean_Salto rw B,Salto rw B,76.848,-0.593,266.226,-12.442,-3.663,255.754,-15.127
generated_Mean_Salto rw B,Salto rw B,25.622,-5.858,279.884,-9.998,-4.66,265.364,-11.207
generated_Mean_Salto rw B,Salto rw B,5.615,1.175,87.835,-4.735,1.973,87.608,-4.928
generated_Mean_Salto rw B,Salto rw B,7.782,15.75,-101.104,13.293,13.063,-110.083,13.672
generated_Mean_Salto rw B,Salto rw B,13.499,-0.011,-365.177,29.295,2.095,-316.842,25.018
generated_Mean_Salto rw B,Salto rw B,8.197,8.717,-8.739,-4.556,8.695,-16.731,0.242
generated_Mean_Salto rw B,Salto rw B,9.117,14.371,319.528,-7.594,12.02,309.615,-7.401
generated_Mean_Salto rw B,Salto rw B,15.812,-4.46,508.083,-4.413,-1.631,504.803,-9.455
generated_Mean_Salto rw B,Salto rw B,22.082,0.812,588.443,-36.818,-1.063,580.139,-34.135
generated_Mean_Salto rw B,Salto rw B,24.869,-21.93,523.835,-29.978,-21.406,527.277,-26.386
generated_Mean_Salto rw B,Salto rw B,19.742,-32.583,472.831,1.225,-31.699,461.226,-1.008
generated_Mean_Salto rw B,Salto rw B,8.576,-23.714,284.898,7.209,-22.822,287.767,7.017
generated_Mean_Salto rw B,Salto rw B,5.015,-2.267,151.028,10.355,-3.274,155.113,9.68
generated_Mean_Salto rw B,Salto rw B,5.403,6.962,97.0,1.184,6.034,100.754,2.056
generated_Mean_Salto rw B,Salto rw B,5.705,3.931,102.186,3.551,4.327,104.181,2.982
generated_Mean_Salto rw B,Salto rw B,4.938,4.404,143.752,7.173,4.266,146.196,6.279
generated_Mean_Salto rw B,Salto rw B,3.816,2.55,209.737,-8.212,1.96,206.734,-6.881
generated_Mean_Salto rw B,Salto rw B,3.947,-4.938,239.244,-9.257,-5.36,243.874,-13.384
generated_Mean_Salto rw B,Salto rw B,18.335,-25.617,296.833,-53.457,-24.568,267.362,-41.809
generated_Mean_Salto rw B,Salto rw B,80.566,-18.656,-5.666,3.134,-16.726,15.492,-2.853
generated_Mean_Salto rw A,Salto rw A,73.001,-9.38,288.983,-7.499,-9.672,272.103,-2.052
generated_Mean_Salto rw A,Salto rw A,20.077,-3.061,284.447,-2.652,-2.315,289.716,-5.274
generated_Mean_Salto rw A,Salto rw A,6.094,6.591,257.187,-37.796,3.855,247.436,-32.573
generated_Mean_Salto rw A,Salto rw A,5.038,-17.975,184.17,-9.715,-15.988,188.61,-12.926
generated_Mean_Salto rw A,Salto rw A,8.497,-15.395,165.329,-1.85,-15.973,169.48,-1.307
generated_Mean_Salto rw A,Salto rw A,8.495,-20.318,194.206,9.022,-20.044,192.076,9.326
generated_Mean_Salto rw A,Salto rw A,7.682,-17.179,211.907,14.915,-16.49,212.432,15.115
generated_Mean_Salto rw A,Salto rw A,7.314,-5.879,231.256,19.897,-6.394,229.97,18.781
generated_Mean_Salto rw A,Salto rw A,6.966,-1.949,230.599,13.962,-2.255,229.587,13.576
generated_Mean_Salto rw A,Salto rw A,6.632,-2.087,216.792,4.803,-1.502,216.126,5.009
generated_Mean_Salto rw A,Salto rw A,6.487,2.945,193.268,0.243,2.885,192.62,0.388
generated_Mean_Salto rw A,Salto rw A,6.379,8.041,162.117,-4.299,7.418,162.747,-4.593
generated_Mean_Salto rw A,Salto rw A,6.652,5.085,139.396,-11.233,5.043,140.027,-11.296
generated_Mean_Salto rw A,Salto rw A,7.061,0.574,127.502,-16.998,0.446,129.163,-15.942
generated_Mean_Salto rw A,Salto rw A,7.258,-3.555,143.058,-9.485,-3.415,144.597,-10.191
generated_Mean_Salto rw A,Salto rw A,7.161,-8.541,182.657,-6.287,-8.69,184.444,-6.462
generated_Mean_Salto rw A,Salto rw A,6.648,-14.921,244.96,-8.513,-14.914,241.882,-8.342
generated_Mean_Salto rw A,Salto rw A,6.025,-14.914,281.238,-11.019,-15.314,283.808,-14.36
generated_Mean_Salto rw A,Salto rw A,21.281,-30.142,309.789,-43.399,-28.853,290.796,-38.207
generated_Mean_Salto rw A,Salto rw A,80.866,-33.729,37.176,2.143,-31.37,60.893,-0.322
generated_Mean_Salto rw C,Salto rw C,64.974,-10.989,306.325,20.61,-17.963,259.912,12.426
generated_Mean_Salto rw C,Salto rw C,15.051,-16.333,209.693,42.996,-13.019,199.634,41.02
generated_Mean_Salto rw C,Salto rw C,8.494,21.074,-22.296,46.157,17.442,-23.546,40.988
generated_Mean_Salto rw C,Salto rw C,14.653,-1.697,-236.698,15.632,3.259,-204.623,18.192
generated_Mean_Salto rw C,Salto rw C,9.02,26.556,-5.227,10.019,22.672,30.065,7.651
generated_Mean_Salto rw C,Salto rw C,8.947,28.041,590.593,-35.88,28.046,538.787,-33.127
generated_Mean_Salto rw C,Salto rw C,17.285,10.683,619.119,-26.393,11.812,613.442,-27.509
generated_Mean_Salto rw C,Salto rw C,17.816,14.32,636.156,-36.443,12.584,633.351,-35.462
generated_Mean_Salto rw C,Salto rw C,16.984,4.693,505.143,0.026,6.481,512.069,-7.317
generated_Mean_Salto rw C,Salto rw C,11.45,5.971,321.798,1.669,5.4,309.08,6.414
generated_Mean_Salto rw C,Salto rw C,4.835,8.825,146.748,-20.662,8.451,154.938,-17.155
generated_Mean_Salto rw C,Salto rw C,3.697,8.082,82.924,-8.307,7.19,84.321,-9.058
generated_Mean_Salto rw C,Salto rw C,5.255,2.157,56.091,-15.337,2.39,59.574,-14.71
generated_Mean_Salto rw C,Salto rw C,5.519,-5.488,79.468,-11.791,-5.268,80.17,-9.874
generated_Mean_Salto rw C,Salto rw C,4.487,-10.604,111.519,9.753,-10.045,112.733,6.845
generated_Mean_Salto rw C,Salto rw C,3.899,-5.929,156.191,5.664,-5.786,156.831,6.395
generated_Mean_Salto rw C,Salto rw C,3.577,1.557,196.064,-0.38,-0.281,193.795,-3.114
generated_Mean_Salto rw C,Salto rw C,3.567,-13.294,228.475,-35.191,-14.005,229.16,-32.783
generated_Mean_Salto rw C,Salto rw C,24.846,-46.909,238.236,-35.993,-38.756,217.715,-30.179
generated_Mean_Salto rw C,Salto rw C,83.105,-25.35,-3.172,11.891,-30.349,30.112,5.05
generated_Mean_3/4 Salto vw A,3/4 Salto vw A,78.983,2.062,-6.69,12.351,2.326,-14.844,7.174
generated_Mean_3/4 Salto vw A,3/4 Salto vw A,20.618,9.894,-81.348,-3.377,9.521,-76.574,0.008
generated_Mean_3/4 Salto vw A,3/4 Salto vw A,4.666,12.397,-30.884,16.638,12.511,-30.002,12.622
generated_Mean_3/4 Salto vw A,3/4 Salto vw A,3.871,11.258,24.623,4.729,10.773,24.608,6.915
generated_Mean_3/4 Salto vw A,3/4 Salto vw A,2.493,6.961,15.016,16.732,6.783,14.496,15.601
generated_Mean_3/4 Salto vw A,3/4 Salto vw A,2.258,4.27,-10.529,16.316,4.328,-13.203,15.867
generated_Mean_3/4 Salto vw A,3/4 Salto vw A,1.474,1.349,-61.643,9.764,1.61,-60.309,10.012
generated_Mean_3/4 Salto vw A,3/4 Salto vw A,1.076,1.806,-97.686,5.189,1.716,-96.998,5.694
generated_Mean_3/4 Salto vw A,3/4 Salto vw A,1.382,2.836,-120.582,8.935,3.047,-119.434,8.481
generated_Mean_3/4 Salto vw A,3/4 Salto vw A,1.537,5.887,-124.261,7.945,5.809,-124.324,8.524
generated_Mean_3/4 Salto vw A,3/4 Salto vw A,1.612,7.33,-126.935,12.846,7.304,-127.993,12.793
generated_Mean_3/4 Salto vw A,3/4 Salto vw A,2.455,6.924,-144.284,18.564,6.782,-144.478,18.168
generated_Mean_3/4 Salto vw A,3/4 Salto vw A,4.168,6.384,-166.682,17.548,6.304,-167.106,17.468
generated_Mean_3/4 Salto vw A,3/4 Salto vw A,6.569,5.83,-190.485,15.254,5.884,-189.648,15.758
generated_Mean_3/4 Salto vw A,3/4 Salto vw A,8.128,3.34,-204.503,20.462,2.926,-204.936,19.827
generated_Mean_3/4 Salto vw A,3/4 Salto vw A,8.146,-4.738,-219.645,16.708,-4.097,-217.43,16.746
generated_Mean_3/4 Salto vw A,3/4 Salto vw A,7.563,-2.908,-198.013,10.861,-2.631,-195.121,10.978
generated_Mean_3/4 Salto vw A,3/4 Salto vw A,7.097,5.73,-144.023,4.977,5.908,-149.535,5.011
generated_Mean_3/4 Salto vw A,3/4 Salto vw A,20.99,10.73,-150.908,8.41,9.714,-141.689,10.072
generated_Mean_3/4 Salto vw A,3/4 Salto vw A,76.546,-0.071,-21.42,15.941,1.065,-31.344,13.82
generated_Mean_Baby- Fliffis C,Baby- Fliffis C,86.239,9.325,-29.539,0.239,6.122,-32.423,4.41
generated_Mean_Baby- Fliffis C,Baby- Fliffis C,31.388,-13.023,-124.307,16.266,-9.394,-117.334,17.197
generated_Mean_Baby- Fliffis C,Baby- Fliffis C,16.948,-2.735,-185.514,12.753,-3.676,-193.471,10.397
generated_Mean_Baby- Fliffis C,Baby- Fliffis C,20.638,2.081,-323.152,11.789,2.602,-319.276,12.438
generated_Mean_Baby- Fliffis C,Baby- Fliffis C,27.449,10.346,-401.049,31.119,9.41,-395.736,34.023
generated_Mean_Baby- Fliffis C,Baby- Fliffis C,30.075,8.464,-403.365,90.236,6.83,-399.325,87.073
generated_Mean_Baby- Fliffis C,Baby- Fliffis C,25.151,-13.515,-337.98,117.71,-12.62,-334.903,120.324
generated_Mean_Baby- Fliffis C,Baby- Fliffis C,20.244,-26.948,-224.327,174.184,-27.351,-223.938,176.873
generated_Mean_Baby- Fliffis C,Baby- Fliffis C,15.991,-47.566,-119.683,256.004,-48.058,-122.487,253.064
generated_Mean_Baby- Fliffis C,Baby- Fliffis C,13.603,-62.6,-49.706,301.923,-59.054,-52.236,302.081
generated_Mean_Baby- Fliffis C,Baby- Fliffis C,12.333,-29.677,-4.888,349.406,-31.617,-5.066,345.534
generated_Mean_Baby- Fliffis C,Baby- Fliffis C,11.477,-24.805,27.576,349.565,-24.062,28.824,346.808
generated_Mean_Baby- Fliffis C,Baby- Fliffis C,10.897,-16.347,70.744,306.134,-16.295,69.229,302.326
generated_Mean_Baby- Fliffis C,Baby- Fliffis C,9.521,-9.413,98.709,208.527,-9.93,98.499,209.21
generated_Mean_Baby- Fliffis C,Baby- Fliffis C,8.658,-9.916,126.021,121.405,-9.987,126.192,124.59
generated_Mean_Baby- Fliffis C,Baby- Fliffis C,8.345,-7.268,156.383,80.361,-6.713,158.494,81.71
generated_Mean_Baby- Fliffis C,Baby- Fliffis C,9.415,2.929,211.722,62.89,3.388,212.707,62.565
generated_Mean_Baby- Fliffis C,Baby- Fliffis C,10.218,17.811,285.307,33.526,17.703,282.369,29.143
generated_Mean_Baby- Fliffis C,Baby- Fliffis C,19.955,26.975,301.963,-42.422,23.844,286.897,-34.927
generated_Mean_Baby- Fliffis C,Baby- Fliffis C,69.93,5.159,116.605,-36.898,6.378,134.803,-33.165
generated_Mean_Fliffis aus B,Fliffis aus B,95.915,13.132,-115.245,-32.363,14.84,-116.05,-29.096
generated_Mean_Fliffis aus B,Fliffis aus B,36.843,47.388,-382.344,20.486,43.964,-378.038,15.454
generated_Mean_Fliffis aus B,Fliffis aus B,29.984,25.361,-610.694,17.251,25.787,-608.959,18.715
generated_Mean_Fliffis aus B,Fliffis aus B,37.901,8.338,-731.753,10.544,6.937,-725.226,12.596
generated_Mean_Fliffis aus B,Fliffis aus B,40.065,-21.222,-753.696,13.19,-18.796,-748.962,10.232
generated_Mean_Fliffis aus B,Fliffis aus B,42.378,-22.029,-692.296,-19.213,-20.768,-693.278,-18.492
generated_Mean_Fliffis aus B,Fliffis aus B,35.948,6.532,-608.178,-40.608,6.894,-602.562,-41.162
generated_Mean_Fliffis aus B,Fliffis aus B,26.097,47.927,-415.007,-66.883,46.683,-417.435,-68.739
generated_Mean_Fliffis aus B,Fliffis aus B,27.063,62.27,-275.778,-139.714,61.044,-280.06,-135.391
generated_Mean_Fliffis aus B,Fliffis aus B,22.367,80.391,-238.44,-151.905,81.28,-236.74,-151.081
generated_Mean_Fliffis aus B,Fliffis aus B,18.339,129.818,-184.249,-115.621,132.989,-183.006,-111.622
generated_Mean_Fliffis aus B,Fliffis aus B,19.742,203.872,-93.857,-10.867,205.328,-95.387,-10.375
generated_Mean_Fliffis aus B,Fliffis aus B,20.778,283.136,-6.57,100.239,277.485,-2.843,95.375
generated_Mean_Fliffis aus B,Fliffis aus B,18.941,268.422,123.182,120.163,262.864,120.691,113.653
generated_Mean_Fliffis aus B,Fliffis aus B,15.117,165.632,203.981,41.989,165.672,203.317,40.552
generated_Mean_Fliffis aus B,Fliffis aus B,13.948,62.371,261.633,-56.243,65.052,258.817,-47.603
generated_Mean_Fliffis aus B,Fliffis aus B,15.45,-2.964,285.119,-28.687,1.31,280.903,-27.753
generated_Mean_Fliffis aus B,Fliffis aus B,17.336,-2.644,283.4,23.452,-2.353,294.407,20.462
generated_Mean_Fliffis aus B,Fliffis aus B,15.664,20.341,422.481,21.966,18.414,410.508,21.349
generated_Mean_Fliffis aus B,Fliffis aus B,70.36,7.469,318.948,-32.872,8.817,324.809,-31.649
generated_Mean_Bücksprung,Bücksprung,80.611,-24.551,-103.296,16.886,-22.17,-126.861,-8.252
generated_Mean_Bücksprung,Bücksprung,49.687,-26.7,-152.514,19.008,-20.207,-140.486,21.172
generated_Mean_Bücksprung,Bücksprung,10.556,32.199,21.218,32.969,24.862,22.92,28.304
generated_Mean_Bücksprung,Bücksprung,6.822,2.611,201.204,41.115,8.525,196.767,35.896
generated_Mean_Bücksprung,Bücksprung,14.256,39.976,286.915,6.545,34.993,279.962,11.926
generated_Mean_Bücksprung,Bücksprung,9.164,27.502,297.351,-5.783,27.055,294.359,-4.581
generated_Mean_Bücksprung,Bücksprung,11.907,6.708,230.386,-2.735,8.46,217.378,-2.816
generated_Mean_Bücksprung,Bücksprung,15.286,8.331,-4.889,5.459,9.759,-5.909,3.188
generated_Mean_Bücksprung,Bücksprung,9.308,21.73,-236.097,-7.747,18.843,-212.877,-5.479
generated_Mean_Bücksprung,Bücksprung,7.617,8.326,-221.318,-10.1,9.385,-222.978,-8.229
generated_Mean_Bücksprung,Bücksprung,10.834,-2.241,-192.267,10.844,0.1,-191.753,8.223
generated_Mean_Bücksprung,Bücksprung,6.042,9.693,-120.669,0.637,6.57,-120.027,1.237
generated_Mean_Bücksprung,Bücksprung,2.364,-6.913,-37.146,10.001,-5.596,-42.884,8.789
generated_Mean_Bücksprung,Bücksprung,1.045,-13.584,-27.728,4.835,-13.097,-25.925,5.752
generated_Mean_Bücksprung,Bücksprung,1.121,-8.702,-3.722,9.391,-8.58,-4.715,8.276
generated_Mean_Bücksprung,Bücksprung,1.808,1.664,6.112,0.517,2.422,6.17,1.422
generated_Mean_Bücksprung,Bücksprung,2.472,18.539,12.075,3.2,15.821,11.391,4.442
generated_Mean_Bücksprung,Bücksprung,3.508,8.156,7.628,22.078,8.629,7.867,18.792
generated_Mean_Bücksprung,Bücksprung,9.056,2.124,15.895,-25.861,2.427,13.797,-21.564
generated_Mean_Bücksprung,Bücksprung,49.972,-11.045,-2.406,-24.483,-8.587,2.726,-17.345
generated_Mean_Hocksprung,Hocksprung,84.413,4.276,-109.073,18.112,6.758,-131.462,-23.803
generated_Mean_Hocksprung,Hocksprung,39.819,-11.587,-142.729,12.24,-6.931,-124.869,12.817
generated_Mean_Hocksprung,Hocksprung,6.862,24.705,69.709,44.81,21.089,65.473,39.04
generated_Mean_Hocksprung,Hocksprung,6.254,16.926,225.332,-7.817,15.011,212.946,-4.238
generated_Mean_Hocksprung,Hocksprung,8.905,-15.008,232.663,27.16,-13.037,229.25,22.875
generated_Mean_Hocksprung,Hocksprung,6.204,-15.23,176.554,0.727,-12.307,172.22,2.217
generated_Mean_Hocksprung,Hocksprung,12.726,8.956,51.367,-15.547,6.712,48.689,-14.44
generated_Mean_Hocksprung,Hocksprung,10.578,9.371,-119.496,-9.262,8.338,-107.285,-9.244
generated_Mean_Hocksprung,Hocksprung,5.172,3.64,-133.623,0.482,6.189,-135.804,1.416
generated_Mean_Hocksprung,Hocksprung,8.688,17.092,-162.325,15.302,15.168,-157.466,15.782
generated_Mean_Hocksprung,Hocksprung,6.608,3.079,-134.629,21.79,3.104,-131.434,20.735
generated_Mean_Hocksprung,Hocksprung,2.44,-3.043,-45.569,13.169,-2.174,-51.675,13.017
generated_Mean_Hocksprung,Hocksprung,1.514,4.346,-21.556,10.043,4.213,-19.471,11.239
generated_Mean_Hocksprung,Hocksprung,1.487,7.788,9.911,25.061,6.695,7.066,24.953
generated_Mean_Hocksprung,Hocksprung,1.715,-2.889,7.565,33.124,-3.591,8.262,30.522
generated_Mean_Hocksprung,Hocksprung,1.376,-20.357,11.356,2.414,-17.731,10.765,2.711
generated_Mean_Hocksprung,Hocksprung,2.344,-4.63,7.653,-16.352,-6.499,7.653,-14.403
generated_Mean_Hocksprung,Hocksprung,2.768,-6.656,-6.905,-0.278,-5.174,-6.097,-4.54
generated_Mean_Hocksprung,Hocksprung,8.523,-1.429,-3.125,-55.368,-1.976,-3.946,-47.342
generated_Mean_Hocksprung,Hocksprung,54.533,-4.203,-0.696,-40.833,-1.851,4.471,-36.454
generated_Mean_Schraubensalto A,Schraubensalto A,79.479,23.135,187.128,4.831,27.155,185.564,10.495
generated_Mean_Schraubensalto A,Schraubensalto A,27.733,47.291,182.006,61.261,47.789,177.89,58.659
generated_Mean_Schraubensalto A,Schraubensalto A,7.32,77.725,115.682,98.553,77.025,118.488,103.927
generated_Mean_Schraubensalto A,Schraubensalto A,5.737,99.39,87.536,197.339,99.191,86.43,195.804
generated_Mean_Schraubensalto A,Schraubensalto A,7.112,124.64,47.752,272.561,126.364,47.931,270.134
generated_Mean_Schraubensalto A,Schraubensalto A,8.386,169.295,6.859,315.873,168.317,8.26,313.457
generated_Mean_Schraubensalto A,Schraubensalto A,9.467,198.069,-22.927,329.576,197.036,-27.656,330.508
generated_Mean_Schraubensalto A,Schraubensalto A,10.59,205.083,-103.847,351.238,200.42,-102.652,351.8
generated_Mean_Schraubensalto A,Schraubensalto A,12.053,147.611,-171.326,383.016,145.564,-167.411,383.252
generated_Mean_Schraubensalto A,Schraubensalto A,13.466,54.325,-176.948,415.146,55.822,-171.915,414.483
generated_Mean_Schraubensalto A,Schraubensalto A,14.37,-14.811,-97.05,436.498,-13.145,-91.838,431.787
generated_Mean_Schraubensalto A,Schraubensalto A,13.4,-52.667,42.977,391.803,-49.716,38.392,388.435
generated_Mean_Schraubensalto A,Schraubensalto A,11.423,-50.451,117.648,295.977,-49.692,114.437,296.948
generated_Mean_Schraubensalto A,Schraubensalto A,9.874,-32.953,149.836,211.326,-32.624,149.66,212.441
generated_Mean_Schraubensalto A,Schraubensalto A,9.466,-9.511,181.369,145.08,-9.553,181.314,146.32
generated_Mean_Schraubensalto A,Schraubensalto A,9.229,10.828,209.701,95.566,9.94,210.174,96.927
generated_Mean_Schraubensalto A,Schraubensalto A,9.431,17.823,244.039,65.414,18.673,245.597,65.384
generated_Mean_Schraubensalto A,Schraubensalto A,8.19,35.677,298.569,34.984,35.664,299.304,33.477
generated_Mean_Schraubensalto A,Schraubensalto A,12.342,57.997,365.881,-15.339,56.542,354.351,-14.611
generated_Mean_Schraubensalto A,Schraubensalto A,63.654,58.428,245.238,-42.692,54.436,248.576,-36.54
generated_Mean_Fliffis B,Fliffis B,97.358,1.227,-74.551,19.957,0.954,-73.859,21.582
generated_Mean_Fliffis B,Fliffis B,45.025,-36.996,-406.51,81.99,-34.112,-395.622,72.716
generated_Mean_Fliffis B,Fliffis B,27.646,-56.624,-623.789,37.911,-57.223,-617.591,42.293
generated_Mean_Fliffis B,Fliffis B,37.219,-60.374,-698.687,30.943,-58.779,-696.656,30.207
generated_Mean_Fliffis B,Fliffis B,39.903,-37.639,-692.867,18.797,-37.635,-688.49,19.758
generated_Mean_Fliffis B,Fliffis B,40.781,-15.548,-609.411,25.802,-16.491,-613.519,27.468
generated_Mean_Fliffis B,Fliffis B,36.663,-11.531,-567.106,52.598,-12.202,-561.88,52.527
generated_Mean_Fliffis B,Fliffis B,29.723,-19.627,-428.994,81.46,-19.872,-427.798,82.573
generated_Mean_Fliffis B,Fliffis B,25.57,-33.912,-285.687,133.599,-35.394,-289.792,133.006
generated_Mean_Fliffis B,Fliffis B,22.037,-74.312,-234.308,176.259,-74.143,-233.208,176.0
generated_Mean_Fliffis B,Fliffis B,20.786,-115.384,-168.715,210.091,-112.948,-164.536,210.702
generated_Mean_Fliffis B,Fliffis B,21.617,-112.91,-31.256,249.592,-111.35,-33.898,249.409
generated_Mean_Fliffis B,Fliffis B,20.79,-77.129,83.277,273.695,-78.953,83.396,269.458
generated_Mean_Fliffis B,Fliffis B,18.24,-62.524,184.361,238.56,-61.84,180.636,237.409
generated_Mean_Fliffis B,Fliffis B,15.674,-42.314,221.258,181.81,-41.75,218.455,181.342
generated_Mean_Fliffis B,Fliffis B,15.284,-14.693,207.547,117.054,-15.454,209.376,117.608
generated_Mean_Fliffis B,Fliffis B,16.576,0.542,225.633,67.746,0.772,228.224,70.015
generated_Mean_Fliffis B,Fliffis B,16.703,19.662,299.004,53.818,20.42,299.554,51.798
generated_Mean_Fliffis B,Fliffis B,15.256,48.672,387.563,7.847,45.895,382.342,7.617
generated_Mean_Fliffis B,Fliffis B,55.856,36.731,346.057,-48.866,34.438,335.861,-42.589
generated_Mean_Barani B,Barani B,82.442,0.73,-114.252,-35.461,1.257,-125.777,-32.134
generated_Mean_Barani B,Barani B,35.953,41.067,-335.793,-19.301,38.633,-332.913,-15.023
generated_Mean_Barani B,Barani B,20.643,52.91,-511.488,41.139,51.216,-498.854,37.358
generated_Mean_Barani B,Barani B,19.437,32.733,-493.524,67.238,32.083,-487.616,65.686
generated_Mean_Barani B,Barani B,11.75,-1.73,-392.937,64.658,-1.121,-388.147,62.808
generated_Mean_Barani B,Barani B,5.42,-20.524,-231.618,39.402,-17.936,-234.115,45.35
generated_Mean_Barani B,Barani B,7.966,-3.399,-90.493,103.372,-1.134,-97.865,110.01
generated_Mean_Barani B,Barani B,12.821,46.215,-55.901,270.343,45.129,-56.636,269.978
generated_Mean_Barani B,Barani B,12.732,74.591,-33.394,427.169,68.531,-28.969,415.395
generated_Mean_Barani B,Barani B,10.732,20.472,45.01,417.344,22.319,42.335,414.363
generated_Mean_Barani B,Barani B,10.014,-10.663,90.712,347.97,-7.906,90.337,346.77
generated_Mean_Barani B,Barani B,9.435,-2.182,127.554,263.503,-2.908,126.522,261.611
generated_Mean_Barani B,Barani B,8.355,-1.129,149.239,154.901,-1.02,149.452,156.968
generated_Mean_Barani B,Barani B,7.389,0.275,173.056,77.283,0.239,173.808,80.357
generated_Mean_Barani B,Barani B,6.877,2.096,210.924,44.271,1.601,209.357,45.82
generated_Mean_Barani B,Barani B,6.804,-1.308,226.151,33.86,-0.386,226.479,32.9
generated_Mean_Barani B,Barani B,6.689,5.649,234.27,13.258,5.91,233.729,15.757
generated_Mean_Barani B,Barani B,6.816,16.696,245.002,11.141,16.064,247.644,6.916
generated_Mean_Barani B,Barani B,17.053,15.177,279.711,-36.598,13.375,266.32,-33.367
generated_Mean_Barani B,Barani B,65.3,-14.725,134.273,-52.367,-11.592,135.28,-50.746
generated_Mean_Fliffis- Rudi B,Fliffis- Rudi B,96.305,6.325,-110.69,0.883,6.457,-115.437,4.037
generated_Mean_Fliffis- Rudi B,Fliffis- Rudi B,40.465,-17.271,-465.487,55.506,-14.859,-457.19,48.048
generated_Mean_Fliffis- Rudi B,Fliffis- Rudi B,32.782,-27.139,-678.771,45.809,-29.683,-669.29,49.128
generated_Mean_Fliffis- Rudi B,Fliffis- Rudi B,42.007,-60.954,-752.194,50.382,-59.616,-749.66,49.946
generated_Mean_Fliffis- Rudi B,Fliffis- Rudi B,45.795,-73.279,-749.965,43.218,-72.427,-746.736,43.91
generated_Mean_Fliffis- Rudi B,Fliffis- Rudi B,44.565,-74.574,-682.326,41.07,-76.459,-677.282,39.082
generated_Mean_Fliffis- Rudi B,Fliffis- Rudi B,30.857,-102.798,-526.031,-4.516,-102.595,-521.873,-8.202
generated_Mean_Fliffis- Rudi B,Fliffis- Rudi B,27.231,-147.336,-303.139,-119.279,-143.781,-307.237,-112.959
generated_Mean_Fliffis- Rudi B,Fliffis- Rudi B,32.451,-119.968,-130.411,-117.268,-116.033,-131.264,-105.378
generated_Mean_Fliffis- Rudi B,Fliffis- Rudi B,35.928,-21.681,4.821,84.824,-25.797,1.382,76.731
generated_Mean_Fliffis- Rudi B,Fliffis- Rudi B,32.85,10.666,4.395,198.325,12.591,-13.959,192.042
generated_Mean_Fliffis- Rudi B,Fliffis- Rudi B,31.846,74.932,-231.956,188.461,71.12,-228.658,185.858
generated_Mean_Fliffis- Rudi B,Fliffis- Rudi B,33.237,98.61,-382.767,118.319,94.378,-357.799,122.786
generated_Mean_Fliffis- Rudi B,Fliffis- Rudi B,32.65,55.651,-140.334,123.887,58.717,-140.427,121.647
generated_Mean_Fliffis- Rudi B,Fliffis- Rudi B,23.881,38.224,115.077,100.673,38.573,108.353,98.372
generated_Mean_Fliffis- Rudi B,Fliffis- Rudi B,18.254,26.405,226.402,48.586,27.514,219.841,51.381
generated_Mean_Fliffis- Rudi B,Fliffis- Rudi B,18.661,22.021,246.249,37.141,22.401,250.759,37.2
generated_Mean_Fliffis- Rudi B,Fliffis- Rudi B,19.035,26.253,338.321,26.104,28.915,339.36,25.999
generated_Mean_Fliffis- Rudi B,Fliffis- Rudi B,17.394,71.288,460.063,8.403,67.247,452.939,4.502
generated_Mean_Fliffis- Rudi B,Fliffis- Rudi B,69.211,65.638,364.771,-63.467,60.453,365.561,-54.313
generated_Mean_Halb ein Triffis C,Halb ein Triffis C,73.964,-32.457,348.436,-137.82,-34.829,335.872,-140.008
generated_Mean_Halb ein Triffis C,Halb ein Triffis C,13.74,-156.115,273.261,-271.686,-151.883,270.066,-266.067
generated_Mean_Halb ein Triffis C,Halb ein Triffis C,10.064,-246.759,75.834,-315.568,-255.194,76.448,-315.056
generated_Mean_Halb ein Triffis C,Halb ein Triffis C,25.147,-453.568,-158.914,-252.349,-451.344,-160.33,-239.128
generated_Mean_Halb ein Triffis C,Halb ein Triffis C,42.494,-595.99,-423.117,82.068,-586.48,-419.89,74.32
generated_Mean_Halb ein Triffis C,Halb ein Triffis C,61.474,-554.203,-576.899,229.347,-553.019,-574.99,220.993
generated_Mean_Halb ein Triffis C,Halb ein Triffis C,69.417,-490.096,-700.252,173.005,-491.579,-696.731,174.438
generated_Mean_Halb ein Triffis C,Halb ein Triffis C,74.26,-435.536,-764.797,143.886,-435.602,-764.106,142.696
generated_Mean_Halb ein Triffis C,Halb ein Triffis C,75.665,-382.633,-803.838,91.02,-382.628,-804.023,91.518
generated_Mean_Halb ein Triffis C,Halb ein Triffis C,77.513,-326.423,-842.735,45.443,-325.965,-842.626,43.605
generated_Mean_Halb ein Triffis C,Halb ein Triffis C,78.634,-258.913,-884.16,-38.862,-255.681,-881.497,-40.073
generated_Mean_Halb ein Triffis C,Halb ein Triffis C,72.46,-116.981,-836.69,-158.128,-114.479,-817.784,-158.138
generated_Mean_Halb ein Triffis C,Halb ein Triffis C,40.376,71.032,-422.457,-280.712,65.115,-433.285,-285.943
generated_Mean_Halb ein Triffis C,Halb ein Triffis C,29.944,131.406,-173.737,-463.163,132.867,-175.684,-448.882
generated_Mean_Halb ein Triffis C,Halb ein Triffis C,22.728,175.378,-29.909,-406.059,167.27,-33.834,-410.533
generated_Mean_Halb ein Triffis C,Halb ein Triffis C,18.823,101.15,62.162,-393.065,102.762,62.328,-386.84
generated_Mean_Halb ein Triffis C,Halb ein Triffis C,15.757,36.29,141.435,-269.902,37.899,143.305,-271.012
generated_Mean_Halb ein Triffis C,Halb ein Triffis C,14.737,-5.334,260.75,-136.689,-3.919,262.612,-139.93
generated_Mean_Halb ein Triffis C,Halb ein Triffis C,17.202,-5.777,365.002,-79.17,-6.979,351.719,-76.66
generated_Mean_Halb ein Triffis C,Halb ein Triffis C,69.821,-9.114,204.86,4.394,-7.902,202.16,-0.716
generated_Mean_Triffis C,Triffis C,96.605,-34.518,-55.141,-18.45,-31.141,-65.729,-18.64
generated_Mean_Triffis C,Triffis C,32.372,-74.483,-432.567,-39.116,-69.017,-417.283,-32.6
generated_Mean_Triffis C,Triffis C,34.613,-53.02,-625.065,25.894,-60.722,-629.07,21.537
generated_Mean_Triffis C,Triffis C,54.816,-119.43,-788.046,73.769,-116.196,-776.256,71.338
generated_Mean_Triffis C,Triffis C,68.902,-136.506,-790.001,60.933,-135.506,-793.767,61.807
generated_Mean_Triffis C,Triffis C,73.155,-139.509,-834.939,64.314,-140.139,-834.466,64.666
generated_Mean_Triffis C,Triffis C,76.598,-146.709,-861.009,74.035,-146.095,-859.615,74.176
generated_Mean_Triffis C,Triffis C,77.46,-150.084,-863.052,82.414,-150.953,-863.064,80.584
generated_Mean_Triffis C,Triffis C,77.983,-163.779,-865.564,66.446,-162.784,-865.886,66.183
generated_Mean_Triffis C,Triffis C,78.155,-160.986,-874.4,34.556,-159.747,-874.614,33.112
generated_Mean_Triffis C,Triffis C,78.276,-136.297,-886.203,-24.67,-132.678,-881.739,-27.964
generated_Mean_Triffis C,Triffis C,69.987,-32.777,-793.8,-148.573,-30.401,-779.489,-150.8
generated_Mean_Triffis C,Triffis C,41.862,107.908,-449.712,-309.95,101.897,-455.723,-308.623
generated_Mean_Triffis C,Triffis C,32.43,114.339,-203.25,-442.083,111.528,-205.889,-436.351
generated_Mean_Triffis C,Triffis C,26.244,82.482,-27.286,-429.695,85.675,-29.395,-425.969
generated_Mean_Triffis C,Triffis C,19.848,123.153,106.881,-354.169,119.466,104.477,-351.248
generated_Mean_Triffis C,Triffis C,19.423,83.091,183.794,-249.973,83.389,183.696,-248.278
generated_Mean_Triffis C,Triffis C,21.743,36.662,259.695,-97.405,39.558,259.411,-102.392
generated_Mean_Triffis C,Triffis C,17.631,54.811,356.297,-34.692,57.656,353.717,-36.947
generated_Mean_Triffis C,Triffis C,64.153,109.696,306.418,-17.351,98.001,297.002,-23.79
generated_Mean_Voll- ein- Rudi- aus B,Voll- ein- Rudi- aus B,101.728,-17.182,-56.014,-63.038,-9.086,-54.414,-57.182
generated_Mean_Voll- ein- Rudi- aus B,Voll- ein- Rudi- aus B,37.343,53.447,-398.706,-7.016,50.435,-390.712,-15.323
generated_Mean_Voll- ein- Rudi- aus B,Voll- ein- Rudi- aus B,22.827,93.235,-563.035,-78.172,80.548,-544.457,-86.622
generated_Mean_Voll- ein- Rudi- aus B,Voll- ein- Rudi- aus B,24.884,-112.308,-375.136,-404.637,-116.332,-375.33,-409.539
generated_Mean_Voll- ein- Rudi- aus B,Voll- ein- Rudi- aus B,32.913,-404.612,-80.411,-819.053,-395.833,-68.674,-797.284
generated_Mean_Voll- ein- Rudi- aus B,Voll- ein- Rudi- aus B,31.091,-576.663,278.272,-786.951,-580.083,236.825,-775.746
generated_Mean_Voll- ein- Rudi- aus B,Voll- ein- Rudi- aus B,38.567,-750.418,-98.861,-466.314,-729.181,-100.746,-467.483
generated_Mean_Voll- ein- Rudi- aus B,Voll- ein- Rudi- aus B,50.108,-508.718,-537.333,-205.657,-513.817,-520.091,-219.292
generated_Mean_Voll- ein- Rudi- aus B,Voll- ein- Rudi- aus B,34.495,-351.756,-540.857,-231.751,-363.112,-521.57,-247.086
generated_Mean_Voll- ein- Rudi- aus B,Voll- ein- Rudi- aus B,35.494,-436.031,-195.344,-551.434,-435.266,-203.185,-545.068
generated_Mean_Voll- ein- Rudi- aus B,Voll- ein- Rudi- aus B,48.091,-536.08,10.398,-743.616,-539.991,-0.389,-728.702
generated_Mean_Voll- ein- Rudi- aus B,Voll- ein- Rudi- aus B,42.586,-672.784,-36.368,-624.21,-657.794,-47.012,-629.522
generated_Mean_Voll- ein- Rudi- aus B,Voll- ein- Rudi- aus B,36.173,-509.956,-299.786,-603.837,-500.367,-282.972,-607.866
generated_Mean_Voll- ein- Rudi- aus B,Voll- ein- Rudi- aus B,34.352,-133.253,-235.795,-692.319,-144.178,-224.286,-685.331
generated_Mean_Voll- ein- Rudi- aus B,Voll- ein- Rudi- aus B,28.083,24.902,60.99,-612.193,17.369,52.238,-604.143
generated_Mean_Voll- ein- Rudi- aus B,Voll- ein- Rudi- aus B,19.646,3.78,218.152,-366.196,1.783,213.872,-367.592
generated_Mean_Voll- ein- Rudi- aus B,Voll- ein- Rudi- aus B,21.376,-57.408,257.198,-146.732,-53.432,259.151,-151.903
generated_Mean_Voll- ein- Rudi- aus B,Voll- ein- Rudi- aus B,24.063,-46.781,330.152,-39.102,-47.472,336.151,-35.028
generated_Mean_Voll- ein- Rudi- aus B,Voll- ein- Rudi- aus B,19.914,-16.134,494.266,65.946,-12.824,480.194,52.566
generated_Mean_Voll- ein- Rudi- aus B,Voll- ein- Rudi- aus B,66.756,40.793,356.155,-18.824,35.473,356.375,-14.722
generated_Mean_Voll- ein- voll- aus B,Voll- ein- voll- aus B,84.067,-5.072,295.925,-96.839,-8.667,303.762,-96.982
generated_Mean_Voll- ein- voll- aus B,Voll- ein- voll- aus B,21.461,-99.479,378.898,-213.639,-107.494,364.73,-209.107
generated_Mean_Voll- ein- voll- aus B,Voll- ein- voll- aus B,12.578,-325.919,199.891,-286.747,-320.665,199.165,-296.852
generated_Mean_Voll- ein- voll- aus B,Voll- ein- voll- aus B,21.117,-453.367,16.729,-504.652,-444.381,10.985,-507.459
generated_Mean_Voll- ein- voll- aus B,Voll- ein- voll- aus B,35.688,-423.698,-244.845,-776.659,-419.764,-225.996,-776.966
generated_Mean_Voll- ein- voll- aus B,Voll- ein- voll- aus B,47.891,-302.476,-103.524,-1027.966,-310.014,-80.251,-1006.801
generated_Mean_Voll- ein- voll- aus B,Voll- ein- voll- aus B,41.944,-366.23,398.764,-872.341,-385.518,361.607,-865.78
generated_Mean_Voll- ein- voll- aus B,Voll- ein- voll- aus B,30.765,-744.895,217.601,-556.321,-719.239,200.125,-561.466
generated_Mean_Voll- ein- voll- aus B,Voll- ein- voll- aus B,42.488,-672.995,-315.976,-357.238,-662.355,-305.309,-359.237
generated_Mean_Voll- ein- voll- aus B,Voll- ein- voll- aus B,49.437,-386.076,-638.075,-199.54,-394.591,-622.124,-206.928
generated_Mean_Voll- ein- voll- aus B,Voll- ein- voll- aus B,42.897,-247.173,-641.71,-195.138,-249.602,-628.331,-205.435
generated_Mean_Voll- ein- voll- aus B,Voll- ein- voll- aus B,34.878,-155.168,-382.978,-389.41,-155.339,-380.881,-385.706
generated_Mean_Voll- ein- voll- aus B,Voll- ein- voll- aus B,28.702,-53.63,-79.356,-527.814,-55.026,-85.404,-516.564
generated_Mean_Voll- ein- voll- aus B,Voll- ein- voll- aus B,23.672,21.557,107.709,-468.933,20.006,102.089,-465.156
generated_Mean_Voll- ein- voll- aus B,Voll- ein- voll- aus B,19.895,50.021,175.178,-327.613,48.709,172.52,-332.477
generated_Mean_Voll- ein- voll- aus B,Voll- ein- voll- aus B,18.058,44.772,196.975,-252.444,41.6,195.541,-249.724
generated_Mean_Voll- ein- voll- aus B,Voll- ein- voll- aus B,19.084,-19.809,200.925,-126.9,-16.122,204.982,-126.913
generated_Mean_Voll- ein- voll- aus B,Voll- ein- voll- aus B,22.033,-27.189,269.888,-16.986,-27.142,271.845,-18.986
generated_Mean_Voll- ein- voll- aus B,Voll- ein- voll- aus B,17.468,-6.984,370.855,50.846,-4.157,365.342,47.046
generated_Mean_Voll- ein- voll- aus B,Voll- ein- voll- aus B,62.084,42.251,312.98,28.717,35.861,296.365,27.481
generated_Mean_Voll- ein- halb- aus B,Voll- ein- halb- aus B,95.615,-46.328,5.365,-36.473,-39.738,-1.336,-36.635
generated_Mean_Voll- ein- halb- aus B,Voll- ein- halb- aus B,41.213,-29.641,-357.806,-32.538,-26.981,-347.625,-32.603
generated_Mean_Voll- ein- halb- aus B,Voll- ein- halb- aus B,26.847,45.524,-568.758,-58.293,40.026,-551.913,-64.29
generated_Mean_Voll- ein- halb- aus B,Voll- ein- halb- aus B,22.461,-3.089,-443.028,-248.578,-14.461,-438.163,-264.063
generated_Mean_Voll- ein- halb- aus B,Voll- ein- halb- aus B,28.567,-252.52,-251.59,-658.334,-247.193,-242.813,-646.042
generated_Mean_Voll- ein- halb- aus B,Voll- ein- halb- aus B,34.775,-408.857,80.013,-877.644,-413.166,64.487,-852.403
generated_Mean_Voll- ein- halb- aus B,Voll- ein- halb- aus B,31.31,-635.802,156.465,-648.256,-627.684,129.713,-645.005
generated_Mean_Voll- ein- halb- aus B,Voll- ein- halb- aus B,37.309,-721.174,-253.847,-308.836,-703.223,-249.112,-315.803
generated_Mean_Voll- ein- halb- aus B,Voll- ein- halb- aus B,49.558,-481.228,-595.758,-89.458,-488.73,-585.245,-95.058
generated_Mean_Voll- ein- halb- aus B,Voll- ein- halb- aus B,51.949,-355.255,-733.329,-12.119,-357.335,-725.079,-22.594
generated_Mean_Voll- ein- halb- aus B,Voll- ein- halb- aus B,47.868,-277.573,-711.784,-118.233,-275.409,-702.884,-117.368
generated_Mean_Voll- ein- halb- aus B,Voll- ein- halb- aus B,33.003,-161.182,-516.318,-239.147,-161.058,-508.303,-245.987
generated_Mean_Voll- ein- halb- aus B,Voll- ein- halb- aus B,23.561,-48.656,-201.922,-470.822,-57.232,-214.618,-461.209
generated_Mean_Voll- ein- halb- aus B,Voll- ein- halb- aus B,25.38,-62.837,-64.838,-539.594,-58.432,-61.686,-530.722
generated_Mean_Voll- ein- halb- aus B,Voll- ein- halb- aus B,20.095,-2.383,91.83,-420.403,-2.979,85.991,-422.423
generated_Mean_Voll- ein- halb- aus B,Voll- ein- halb- aus B,16.563,39.298,142.666,-317.553,35.38,141.084,-314.901
generated_Mean_Voll- ein- halb- aus B,Voll- ein- halb- aus B,19.538,-0.506,179.878,-180.439,2.008,183.581,-180.516
generated_Mean_Voll- ein- halb- aus B,Voll- ein- halb- aus B,22.264,-2.551,276.306,-53.377,-0.924,281.959,-55.152
generated_Mean_Voll- ein- halb- aus B,Voll- ein- halb- aus B,18.885,35.61,453.68,4.197,35.518,442.818,-5.859
generated_Mean_Voll- ein- halb- aus B,Voll- ein- halb- aus B,62.447,64.195,363.851,-56.783,56.296,358.735,-54.188
generated_Mean_Voll- ein- voll- aus A,Voll- ein- voll- aus A,82.17,-14.488,323.392,-106.095,-18.389,343.16,-109.061
generated_Mean_Voll- ein- voll- aus A,Voll- ein- voll- aus A,22.833,-106.271,532.084,-225.166,-112.007,498.567,-214.256
generated_Mean_Voll- ein- voll- aus A,Voll- ein- voll- aus A,15.462,-292.181,295.203,-269.413,-286.834,298.962,-281.773
generated_Mean_Voll- ein- voll- aus A,Voll- ein- voll- aus A,18.934,-388.647,87.16,-443.341,-384.232,83.452,-449.467
generated_Mean_Voll- ein- voll- aus A,Voll- ein- voll- aus A,30.91,-415.221,-169.905,-688.39,-398.311,-161.989,-691.188
generated_Mean_Voll- ein- voll- aus A,Voll- ein- voll- aus A,44.212,-155.485,-284.76,-909.507,-148.151,-257.496,-893.685
generated_Mean_Voll- ein- voll- aus A,Voll- ein- voll- aus A,56.539,187.721,56.969,-883.386,153.796,58.721,-868.509
generated_Mean_Voll- ein- voll- aus A,Voll- ein- voll- aus A,52.414,4.625,424.562,-625.482,-7.956,404.852,-629.596
generated_Mean_Voll- ein- voll- aus A,Voll- ein- voll- aus A,37.938,-396.14,445.643,-459.712,-386.888,425.474,-463.977
generated_Mean_Voll- ein- voll- aus A,Voll- ein- voll- aus A,23.974,-648.291,120.327,-363.179,-630.952,116.103,-369.824
generated_Mean_Voll- ein- voll- aus A,Voll- ein- voll- aus A,29.36,-608.412,-277.267,-370.247,-595.009,-262.853,-377.789
generated_Mean_Voll- ein- voll- aus A,Voll- ein- voll- aus A,41.125,-337.82,-437.693,-503.984,-335.468,-416.705,-510.405
generated_Mean_Voll- ein- voll- aus A,Voll- ein- voll- aus A,48.341,-29.868,-234.566,-739.257,-36.658,-219.998,-726.514
generated_Mean_Voll- ein- voll- aus A,Voll- ein- voll- aus A,45.706,148.925,172.28,-738.21,134.311,152.097,-718.889
generated_Mean_Voll- ein- voll- aus A,Voll- ein- voll- aus A,31.328,89.474,302.088,-451.837,88.111,293.029,-455.847
generated_Mean_Voll- ein- voll- aus A,Voll- ein- voll- aus A,25.967,-9.726,267.188,-217.256,-7.598,270.775,-220.624
generated_Mean_Voll- ein- voll- aus A,Voll- ein- voll- aus A,26.146,-54.904,294.926,-54.137,-54.321,297.159,-60.537
generated_Mean_Voll- ein- voll- aus A,Voll- ein- voll- aus A,22.452,-74.299,374.547,2.033,-68.515,375.096,2.681
generated_Mean_Voll- ein- voll- aus A,Voll- ein- voll- aus A,14.94,-18.907,444.043,70.973,-17.424,432.343,67.931
generated_Mean_Voll- ein- voll- aus A,Voll- ein- voll- aus A,60.994,43.16,261.485,65.89,37.099,263.236,60.955
generated_Mean_Voll- ein- voll- aus C,Voll- ein- voll- aus C,76.918,-16.86,292.807,-191.999,-14.575,304.48,-189.923
generated_Mean_Voll- ein- voll- aus C,Voll- ein- voll- aus C,20.059,-127.254,434.306,-313.738,-130.882,408.314,-299.336
generated_Mean_Voll- ein- voll- aus C,Voll- ein- voll- aus C,13.164,-288.632,214.772,-276.397,-286.825,218.806,-295.706
generated_Mean_Voll- ein- voll- aus C,Voll- ein- voll- aus C,20.504,-386.272,26.905,-483.336,-382.566,20.818,-482.701
generated_Mean_Voll- ein- voll- aus C,Voll- ein- voll- aus C,34.625,-428.403,-258.119,-721.463,-416.477,-247.15,-719.707
generated_Mean_Voll- ein- voll- aus C,Voll- ein- voll- aus C,48.714,-258.757,-299.412,-944.824,-257.926,-270.444,-933.676
generated_Mean_Voll- ein- voll- aus C,Voll- ein- voll- aus C,48.828,-95.157,102.713,-945.503,-121.259,96.014,-919.721
generated_Mean_Voll- ein- voll- aus C,Voll- ein- voll- aus C,37.32,-362.177,384.503,-546.825,-360.957,359.866,-554.836
generated_Mean_Voll- ein- voll- aus C,Voll- ein- voll- aus C,27.124,-643.732,250.149,-249.725,-630.505,237.057,-257.878
generated_Mean_Voll- ein- voll- aus C,Voll- ein- voll- aus C,31.025,-698.127,-111.773,-84.82,-686.321,-107.229,-89.868
generated_Mean_Voll- ein- voll- aus C,Voll- ein- voll- aus C,41.649,-559.955,-412.324,-6.798,-561.193,-402.074,-20.963
generated_Mean_Voll- ein- voll- aus C,Voll- ein- voll- aus C,45.074,-407.958,-533.398,-174.652,-404.301,-524.504,-179.324
generated_Mean_Voll- ein- voll- aus C,Voll- ein- voll- aus C,41.329,-204.359,-466.418,-466.333,-207.495,-449.787,-463.96
generated_Mean_Voll- ein- voll- aus C,Voll- ein- voll- aus C,37.668,-45.208,-132.123,-695.133,-54.757,-142.991,-677.749
generated_Mean_Voll- ein- voll- aus C,Voll- ein- voll- aus C,30.84,-43.891,90.375,-619.292,-43.391,88.231,-610.547
generated_Mean_Voll- ein- voll- aus C,Voll- ein- voll- aus C,23.523,-65.012,193.299,-354.502,-61.82,190.795,-353.532
generated_Mean_Voll- ein- voll- aus C,Voll- ein- voll- aus C,21.902,-27.81,243.464,-101.032,-32.062,247.598,-123.161
generated_Mean_Voll- ein- voll- aus C,Voll- ein- voll- aus C,24.086,-46.708,386.325,-107.914,-39.29,380.608,-97.325
generated_Mean_Voll- ein- voll- aus C,Voll- ein- voll- aus C,20.003,1.747,457.845,8.855,-3.792,441.359,-4.404
generated_Mean_Voll- ein- voll- aus C,Voll- ein- voll- aus C,68.636,12.858,186.916,-42.212,7.58,190.22,-30.7
generated_Mean_Voll- ein 1 3/4 Salto vw C,Voll- ein 1 3/4 Salto vw C,90.482,34.544,-92.205,-9.651,32.716,-96.156,-6.715
generated_Mean_Voll- ein 1 3/4 Salto vw C,Voll- ein 1 3/4 Salto vw C,29.347,31.869,-266.741,105.881,27.373,-255.131,96.522
generated_Mean_Voll- ein 1 3/4 Salto vw C,Voll- ein 1 3/4 Salto vw C,8.393,-67.704,-213.75,88.298,-64.724,-216.235,90.406
generated_Mean_Voll- ein 1 3/4 Salto vw C,Voll- ein 1 3/4 Salto vw C,14.225,-114.857,-207.719,93.073,-116.678,-210.336,101.731
generated_Mean_Voll- ein 1 3/4 Salto vw C,Voll- ein 1 3/4 Salto vw C,17.088,-177.336,-276.418,242.499,-177.54,-269.562,240.537
generated_Mean_Voll- ein 1 3/4 Salto vw C,Voll- ein 1 3/4 Salto vw C,20.372,-234.762,-199.301,373.394,-228.437,-195.23,371.607
generated_Mean_Voll- ein 1 3/4 Salto vw C,Voll- ein 1 3/4 Salto vw C,23.392,-149.936,-37.066,481.796,-140.387,-35.596,486.222
generated_Mean_Voll- ein 1 3/4 Salto vw C,Voll- ein 1 3/4 Salto vw C,24.235,129.87,142.303,629.847,131.93,133.845,613.722
generated_Mean_Voll- ein 1 3/4 Salto vw C,Voll- ein 1 3/4 Salto vw C,18.118,443.237,130.833,471.268,435.231,114.589,467.004
generated_Mean_Voll- ein 1 3/4 Salto vw C,Voll- ein 1 3/4 Salto vw C,24.287,583.69,-201.466,205.845,572.827,-199.153,207.719
generated_Mean_Voll- ein 1 3/4 Salto vw C,Voll- ein 1 3/4 Salto vw C,35.738,501.31,-489.61,-11.787,499.36,-478.137,-5.03
generated_Mean_Voll- ein 1 3/4 Salto vw C,Voll- ein 1 3/4 Salto vw C,38.452,368.688,-540.811,-73.242,369.507,-535.149,-67.387
generated_Mean_Voll- ein 1 3/4 Salto vw C,Voll- ein 1 3/4 Salto vw C,31.495,249.265,-464.025,-16.551,250.8,-464.989,-17.126
generated_Mean_Voll- ein 1 3/4 Salto vw C,Voll- ein 1 3/4 Salto vw C,23.506,156.885,-393.016,32.426,156.772,-393.943,31.138
generated_Mean_Voll- ein 1 3/4 Salto vw C,Voll- ein 1 3/4 Salto vw C,17.614,78.104,-341.041,50.978,80.18,-342.284,50.209
generated_Mean_Voll- ein 1 3/4 Salto vw C,Voll- ein 1 3/4 Salto vw C,14.454,32.304,-293.168,48.595,33.165,-291.229,48.23
generated_Mean_Voll- ein 1 3/4 Salto vw C,Voll- ein 1 3/4 Salto vw C,11.573,3.821,-227.928,37.881,5.778,-230.592,37.278
generated_Mean_Voll- ein 1 3/4 Salto vw C,Voll- ein 1 3/4 Salto vw C,10.582,11.324,-258.852,26.292,10.172,-237.438,26.769
generated_Mean_Voll- ein 1 3/4 Salto vw C,Voll- ein 1 3/4 Salto vw C,30.321,1.192,-160.878,-4.318,1.806,-175.59,-4.604
generated_Mean_Voll- ein 1 3/4 Salto vw C,Voll- ein 1 3/4 Salto vw C,69.669,3.824,-44.915,-10.424,2.959,-49.646,-8.869
generated_Mean_1 3/4 Salto vw C,1 3/4 Salto vw C,92.63,16.326,-86.54,-27.411,15.545,-87.792,-26.047
generated_Mean_1 3/4 Salto vw C,1 3/4 Salto vw C,33.907,17.562,-300.173,35.867,16.75,-292.79,31.492
generated_Mean_1 3/4 Salto vw C,1 3/4 Salto vw C,12.542,-10.659,-402.096,3.73,-7.895,-404.861,4.979
generated_Mean_1 3/4 Salto vw C,1 3/4 Salto vw C,25.899,15.911,-524.112,-18.089,14.438,-527.335,-16.204
generated_Mean_1 3/4 Salto vw C,1 3/4 Salto vw C,40.051,28.982,-677.143,-1.538,28.063,-665.832,-2.586
generated_Mean_1 3/4 Salto vw C,1 3/4 Salto vw C,48.764,33.483,-666.665,7.519,33.67,-672.855,9.848
generated_Mean_1 3/4 Salto vw C,1 3/4 Salto vw C,47.543,31.253,-717.284,48.014,29.29,-701.803,44.343
generated_Mean_1 3/4 Salto vw C,1 3/4 Salto vw C,27.912,-3.89,-431.403,20.922,-2.352,-428.597,21.215
generated_Mean_1 3/4 Salto vw C,1 3/4 Salto vw C,15.808,-13.442,-80.938,-14.316,-13.387,-95.211,-14.513
generated_Mean_1 3/4 Salto vw C,1 3/4 Salto vw C,12.35,-16.696,-17.618,-30.617,-15.1,-24.716,-28.492
generated_Mean_1 3/4 Salto vw C,1 3/4 Salto vw C,4.946,-1.459,-124.621,-17.445,-2.306,-128.06,-17.221
generated_Mean_1 3/4 Salto vw C,1 3/4 Salto vw C,4.26,2.782,-277.88,2.69,3.144,-270.661,2.786
generated_Mean_1 3/4 Salto vw C,1 3/4 Salto vw C,4.307,4.725,-295.502,10.863,4.03,-296.645,8.811
generated_Mean_1 3/4 Salto vw C,1 3/4 Salto vw C,5.787,3.207,-344.244,-10.588,4.197,-343.431,-9.293
generated_Mean_1 3/4 Salto vw C,1 3/4 Salto vw C,9.467,16.944,-387.594,-5.576,15.533,-384.462,-5.477
generated_Mean_1 3/4 Salto vw C,1 3/4 Salto vw C,11.501,6.21,-374.639,7.13,6.424,-374.928,6.84
generated_Mean_1 3/4 Salto vw C,1 3/4 Salto vw C,9.92,-0.534,-351.955,15.068,-0.07,-353.383,13.597
generated_Mean_1 3/4 Salto vw C,1 3/4 Salto vw C,11.638,2.233,-367.668,7.562,-0.031,-355.988,4.24
generated_Mean_1 3/4 Salto vw C,1 3/4 Salto vw C,28.73,-21.803,-267.972,-41.804,-16.469,-264.233,-33.086
generated_Mean_1 3/4 Salto vw C,1 3/4 Salto vw C,73.723,18.776,-19.022,24.311,15.422,-40.49,16.779
generated_Mean_Triffis B,Triffis B,101.148,-45.055,-76.486,-7.425,-46.789,-97.267,-7.261
generated_Mean_Triffis B,Triffis B,35.633,-108.054,-602.006,-18.15,-104.084,-580.045,-11.523
generated_Mean_Triffis B,Triffis B,47.336,-112.191,-788.807,55.078,-113.668,-782.095,52.129
generated_Mean_Triffis B,Triffis B,53.675,-153.965,-823.631,101.534,-152.978,-813.392,96.415
generated_Mean_Triffis B,Triffis B,55.188,-189.677,-671.644,100.214,-191.453,-684.426,99.16
generated_Mean_Triffis B,Triffis B,55.456,-259.715,-716.352,67.955,-258.691,-714.177,70.321
generated_Mean_Triffis B,Triffis B,55.258,-303.634,-750.075,49.834,-302.837,-748.887,49.154
generated_Mean_Triffis B,Triffis B,55.21,-329.212,-760.754,24.498,-328.964,-760.557,24.213
generated_Mean_Triffis B,Triffis B,55.332,-345.027,-762.663,-2.261,-343.504,-762.821,-3.2
generated_Mean_Triffis B,Triffis B,55.241,-335.055,-775.213,-52.069,-333.098,-776.616,-52.137
generated_Mean_Triffis B,Triffis B,52.603,-278.691,-814.334,-108.979,-271.74,-801.546,-108.897
generated_Mean_Triffis B,Triffis B,31.565,-88.378,-569.097,-147.315,-91.864,-567.369,-148.215
generated_Mean_Triffis B,Triffis B,24.454,40.609,-281.335,-231.183,29.66,-293.234,-236.994
generated_Mean_Triffis B,Triffis B,29.025,-23.148,-227.119,-450.72,-10.359,-216.939,-443.345
generated_Mean_Triffis B,Triffis B,24.632,91.36,-26.338,-490.702,85.313,-31.187,-481.759
generated_Mean_Triffis B,Triffis B,19.359,122.644,98.132,-366.088,119.363,94.737,-366.566
generated_Mean_Triffis B,Triffis B,19.433,80.353,168.024,-246.985,79.696,169.907,-245.876
generated_Mean_Triffis B,Triffis B,22.115,42.838,260.419,-107.959,46.801,263.949,-111.887
generated_Mean_Triffis B,Triffis B,19.639,87.259,401.794,-37.476,86.754,391.099,-42.267
generated_Mean_Triffis B,Triffis B,64.151,119.125,296.459,-31.601,111.898,295.629,-33.29
generated_Mean_Bauchsprung,Bauchsprung,75.054,5.846,71.498,10.506,5.863,68.205,8.928
generated_Mean_Bauchsprung,Bauchsprung,30.895,-5.571,2.104,-5.954,-4.853,4.234,-4.936
generated_Mean_Bauchsprung,Bauchsprung,3.808,-8.736,-41.617,-3.639,-8.439,-37.49,-3.201
generated_Mean_Bauchsprung,Bauchsprung,1.655,-4.283,-18.845,4.607,-4.476,-21.725,3.861
generated_Mean_Bauchsprung,Bauchsprung,0.716,-2.73,-31.848,-1.665,-2.86,-32.188,-1.366
generated_Mean_Bauchsprung,Bauchsprung,0.693,-3.48,-50.905,-5.967,-3.415,-50.928,-5.961
generated_Mean_Bauchsprung,Bauchsprung,0.779,-3.188,-68.419,-7.592,-3.186,-67.999,-7.252
generated_Mean_Bauchsprung,Bauchsprung,0.798,-3.355,-78.866,-5.097,-3.324,-79.056,-5.463
generated_Mean_Bauchsprung,Bauchsprung,0.929,-3.138,-90.635,-7.289,-3.061,-90.209,-7.357
generated_Mean_Bauchsprung,Bauchsprung,1.125,-1.113,-96.551,-10.958,-0.956,-95.963,-10.652
generated_Mean_Bauchsprung,Bauchsprung,1.303,3.542,-93.377,-10.554,3.497,-92.798,-10.534
generated_Mean_Bauchsprung,Bauchsprung,1.466,7.392,-79.255,-6.098,7.082,-79.382,-5.894
generated_Mean_Bauchsprung,Bauchsprung,1.463,6.847,-64.095,0.799,6.804,-63.917,0.784
generated_Mean_Bauchsprung,Bauchsprung,1.422,5.64,-47.863,7.263,6.0,-48.165,6.994
generated_Mean_Bauchsprung,Bauchsprung,1.56,8.68,-37.271,8.208,8.162,-37.11,8.113
generated_Mean_Bauchsprung,Bauchsprung,1.747,3.787,-23.032,5.292,3.676,-21.658,4.878
generated_Mean_Bauchsprung,Bauchsprung,2.219,-3.835,18.187,-3.22,-3.813,19.932,-2.694
generated_Mean_Bauchsprung,Bauchsprung,2.499,-12.518,96.772,-4.147,-12.802,101.222,-4.15
generated_Mean_Bauchsprung,Bauchsprung,22.116,-15.122,164.231,-24.663,-14.515,151.815,-22.442
generated_Mean_Bauchsprung,Bauchsprung,78.228,-14.76,50.564,-27.736,-12.875,50.901,-27.142
generated_Mean_Von Bauch in Stand,Von Bauch in Stand,86.363,4.672,-12.893,8.216,1.721,-12.611,4.304
generated_Mean_Von Bauch in Stand,Von Bauch in Stand,33.55,-5.83,-68.999,11.797,-3.457,-66.008,10.491
generated_Mean_Von Bauch in Stand,Von Bauch in Stand,5.802,5.908,-62.21,-3.292,4.647,-57.41,-2.086
generated_Mean_Von Bauch in Stand,Von Bauch in Stand,3.603,5.674,5.198,-2.601,5.85,1.787,-1.531
generated_Mean_Von Bauch in Stand,Von Bauch in Stand,1.645,5.969,12.879,6.703,5.438,12.687,6.359
generated_Mean_Von Bauch in Stand,Von Bauch in Stand,1.134,0.754,17.913,7.209,1.198,17.126,7.096
generated_Mean_Von Bauch in Stand,Von Bauch in Stand,0.975,2.394,12.013,3.834,2.441,11.932,4.001
generated_Mean_Von Bauch in Stand,Von Bauch in Stand,0.936,5.404,3.966,2.968,5.275,4.128,3.149
generated_Mean_Von Bauch in Stand,Von Bauch in Stand,0.941,5.286,-2.378,5.137,5.046,-2.279,4.788
generated_Mean_Von Bauch in Stand,Von Bauch in Stand,0.968,2.162,-6.837,2.637,2.43,-6.224,2.891
generated_Mean_Von Bauch in Stand,Von Bauch in Stand,1.062,2.118,-1.871,3.012,1.942,-1.417,2.966
generated_Mean_Von Bauch in Stand,Von Bauch in Stand,1.087,0.039,11.084,2.272,0.239,10.948,1.845
generated_Mean_Von Bauch in Stand,Von Bauch in Stand,1.096,0.793,23.069,-3.626,0.896,23.189,-3.308
generated_Mean_Von Bauch in Stand,Von Bauch in Stand,1.165,3.021,34.702,-5.884,2.817,34.422,-5.656
generated_Mean_Von Bauch in Stand,Von Bauch in Stand,1.283,2.707,42.153,-4.326,2.524,41.638,-3.964
generated_Mean_Von Bauch in Stand,Von Bauch in Stand,1.559,0.075,41.694,2.173,0.067,40.765,2.297
generated_Mean_Von Bauch in Stand,Von Bauch in Stand,2.651,-4.011,25.173,11.943,-4.632,26.397,12.32
generated_Mean_Von Bauch in Stand,Von Bauch in Stand,4.156,-14.146,32.547,22.986,-12.748,35.649,20.849
generated_Mean_Von Bauch in Stand,Von Bauch in Stand,19.189,-4.166,122.554,7.21,-2.511,125.354,8.092
generated_Mean_Von Bauch in Stand,Von Bauch in Stand,63.359,25.273,214.849,1.147,22.831,211.333,1.893
generated_Mean_Schraubensalto C,Schraubensalto C,81.198,25.834,199.824,86.355,26.121,200.925,83.425
generated_Mean_Schraubensalto C,Schraubensalto C,27.215,69.178,273.278,116.599,68.436,264.742,119.093
generated_Mean_Schraubensalto C,Schraubensalto C,5.664,93.136,153.494,140.378,91.187,159.185,138.786
generated_Mean_Schraubensalto C,Schraubensalto C,3.353,96.391,104.264,151.827,99.683,103.099,153.716
generated_Mean_Schraubensalto C,Schraubensalto C,5.225,159.307,96.521,223.627,161.469,93.505,226.344
generated_Mean_Schraubensalto C,Schraubensalto C,8.442,260.173,35.348,340.913,255.774,30.73,339.393
generated_Mean_Schraubensalto C,Schraubensalto C,11.628,274.699,-107.455,434.125,268.766,-103.898,431.341
generated_Mean_Schraubensalto C,Schraubensalto C,13.87,169.277,-187.794,474.827,166.776,-182.798,473.705
generated_Mean_Schraubensalto C,Schraubensalto C,15.226,19.737,-169.086,487.102,22.744,-165.121,484.853
generated_Mean_Schraubensalto C,Schraubensalto C,15.17,-75.661,-70.728,456.196,-72.305,-69.645,454.115
generated_Mean_Schraubensalto C,Schraubensalto C,13.317,-102.832,49.32,383.04,-100.812,47.822,381.778
generated_Mean_Schraubensalto C,Schraubensalto C,10.197,-90.736,139.314,286.49,-90.68,136.587,287.593
generated_Mean_Schraubensalto C,Schraubensalto C,7.938,-74.322,176.323,210.539,-73.8,174.021,212.164
generated_Mean_Schraubensalto C,Schraubensalto C,6.951,-48.764,170.344,165.72,-48.735,170.092,165.623
generated_Mean_Schraubensalto C,Schraubensalto C,6.648,-23.416,156.411,121.959,-23.882,156.612,122.092
generated_Mean_Schraubensalto C,Schraubensalto C,6.609,-6.22,146.673,79.527,-6.141,147.352,80.232
generated_Mean_Schraubensalto C,Schraubensalto C,6.787,13.051,149.426,51.022,13.243,150.285,51.684
generated_Mean_Schraubensalto C,Schraubensalto C,6.881,32.984,170.429,32.301,31.915,170.87,32.539
generated_Mean_Schraubensalto C,Schraubensalto C,10.035,34.142,212.385,15.916,32.936,211.792,16.961
generated_Mean_Schraubensalto C,Schraubensalto C,61.959,16.56,192.025,2.352,16.186,183.965,1.712
